Country	City	Place	Rank	Potential State
Afghanistan	Herat		2511	
Afghanistan	Kabul		105	
Afghanistan	Kandahar		2071	
Albania	Tirana		1322	
Algeria	Algiers		90	
Algeria	Annaba		1461	
Algeria	Batna		1927	
Algeria	Bejaïa		2945	
Algeria	Biskra		2512	
Algeria	Blida		2039	
Algeria	Chlef		2551	
Algeria	Constantine		1143	
Algeria	El Djelfa		2735	
Algeria	Oran		718	
Algeria	Sidi-Bel-abbès		2440	
Algeria	Skikda		2803	
Algeria	Sétif		2157	
Algeria	Tebessa		2791	
Algeria	Tiaert		2873	
Algeria	Tlemcen		2772	
Angola	Huambo		1304	
Angola	Luanda		88	
Argentina	Avellaneda		1488	
Argentina	Bahía Blanca		1852	
Argentina	Buenos Aires		17	
Argentina	Corrientes		1867	
Argentina	Córdoba		339	
Argentina	Formosa		2889	
Argentina	General San Martín		1285	
Argentina	La Matanza		393	
Argentina	La Plata		797	
Argentina	Lanus		1135	
Argentina	Lomas De Zamora		896	
Argentina	Mar Del Plata		1017	
Argentina	Mendoza		646	
Argentina	Morón		796	
Argentina	Neuquén		2449	
Argentina	Paraná		2171	
Argentina	Posadas		2181	
Argentina	Quilmes		1019	
Argentina	Resistencia		1690	
Argentina	Rosario		394	
Argentina	Salta		1395	
Argentina	San Isidro		1662	
Argentina	San Juan		1460	
Argentina	San Miguel De Tucumán		825	
Argentina	San Salvador De Jujuy		2487	
Argentina	Santa Fé		1287	
Argentina	Santiago Del Estero		1832	
Argentina	Vicente López		1705	
Armenia	Gyumri		2882	
Armenia	Yerevan		400	
Australia	Adelaide		387	
Australia	Brisbane		200	
Australia	Canberra		1556	
Australia	Geelong		2657	
Australia	Gold Coast-Tweed		953	
Australia	Greater Hobart		2245	
Australia	Melbourne		87	
Australia	Newcastle		1029	
Australia	Perth		247	
Australia	Sunshine Coast		2154	
Australia	Sydney		80	
Australia	Sydney	Sydney Opera House		
Australia	Townsville		2869	
Australia	Wollongong		1770	
Australia		Twelve Apostles		
Austria	Graz		1945	
Austria	Linz		2397	
Austria	Salzburg		2878	
Austria	Vienna		218	
Azerbaijan	Baku		198	
Azerbaijan	Ganja		1641	
Azerbaijan	Sumgayit		1693	
Bahamas	Nassau		2179	
Bahrain	Manama		2515	
Bangladesh	Barisal		2356	
Bangladesh	Bogra		2785	
Bangladesh	Chittagong		190	
Bangladesh	Comilla		2648	
Bangladesh	Dhaka		35	
Bangladesh	Dinajpur		2747	
Bangladesh	Jessore		2519	
Bangladesh	Khulna		649	
Bangladesh	Mymensingh		2058	
Bangladesh	Narayanganj		1967	
Bangladesh	Nawabganj		2822	
Bangladesh	Rajshahi		1336	
Bangladesh	Rangpur		1969	
Bangladesh	Tongi		1729	
Belarus	Baranovichi		2634	
Belarus	Bobruisk		2125	
Belarus	Borisov		2856	
Belarus	Brest		1650	
Belarus	Gomel		1080	
Belarus	Grodno		1574	
Belarus	Minsk		201	
Belarus	Mogilev		1405	
Belarus	Vitebsk		1463	
Belgium	Antwerpen		1154	
Belgium	Brussels		443	
Belgium	Charleroi		2266	
Belgium	Gent		2016	
Belgium	Liège		2412	
Benin	Cotonou		786	
Benin	Parakou		2942	
Benin	Porto-Novo		2017	
Bolivia	Cochabamba		879	
Bolivia	El Alto		582	
Bolivia	La Paz		575	
Bolivia	Oruro		2140	
Bolivia	Potosí		2866	
Bolivia	Santa Cruz		267	
Bolivia	Sucre		1924	
Bolivia	Tarija		2588	
Bosnia And Herzegovina	Banja Luka		2328	
Bosnia And Herzegovina	Sarajevo		979	
Bosnia And Herzegovina	Zenica		2918	
Botswana	Gaborone		1735	
Brazil	Aguas Lindas De Goiás		2618	
Brazil	Alvorada		2155	
Brazil	Americana		2241	
Brazil	Ananindeua		1061	
Brazil	Angra Dos Reis		2952	
Brazil	Anápolis		1580	
Brazil	Aparecida De Goiania		1171	
Brazil	Aracaju		1037	
Brazil	Arapiraca		2256	
Brazil	Araraquara		2290	
Brazil	Araçatuba		2467	
Brazil	Barra Mansa		2530	
Brazil	Barueri		1823	
Brazil	Bauru		1439	
Brazil	Belford Roxo		1084	
Brazil	Belo Horizonte		57	
Brazil	Belém		260	
Brazil	Betim		1283	
Brazil	Blumenou		1663	
Brazil	Boa Vista		1909	
Brazil	Bragança Paulista		2965	
Brazil	Brasilia		181	
Brazil	Cabo De Santo Agostinho		2575	
Brazil	Cabo Frio		2659	
Brazil	Cachoeiro De Itapemirim		2301	
Brazil	Camacari		2311	
Brazil	Camaragibe		2846	
Brazil	Campina Grande		1363	
Brazil	Campinas		135	
Brazil	Campo Grande		657	
Brazil	Campos Dos Goytacazes		1228	
Brazil	Canoas		1532	
Brazil	Carapicuíba		1333	
Brazil	Cariacica		1429	
Brazil	Caruaru		1727	
Brazil	Cascavel		1723	
Brazil	Castanhal		2739	
Brazil	Caucaia		1601	
Brazil	Caxias		2947	
Brazil	Caxias Do Sul		1267	
Brazil	Chapecó		2563	
Brazil	Colombo		160	
Brazil	Contagem		857	
Brazil	Cotia		2490	
Brazil	Criciúma		2400	
Brazil	Cuiabá		949	
Brazil	Curitiba		111	
Brazil	Diadema		1316	
Brazil	Divinópolis		2205	
Brazil	Dourados		2419	
Brazil	Duque De Caxias		561	
Brazil	Embu		1933	
Brazil	Feira De Santana		962	
Brazil	Ferraz De Vasconcelos		2522	
Brazil	Florianópolis		1286	
Brazil	Fortaleza		97	
Brazil	Foz Do Iguaçu		1617	
Brazil	Franca		1547	
Brazil	Francisco Morato		2592	
Brazil	Goiânia		331	
Brazil	Governador Valadares		1859	
Brazil	Gravatai		1787	
Brazil	Guarapuava		2615	
Brazil	Guarujá		1633	
Brazil	Guarulhos		312	
Brazil	Hortolandia		2262	
Brazil	Ibirité		2560	
Brazil	Ilhéus		2107	
Brazil	Imperatriz		2018	
Brazil	Indaiatuba		2473	
Brazil	Ipatinga		1992	
Brazil	Itaboraí		2106	
Brazil	Itabuna		2231	
Brazil	Itajaí		2627	
Brazil	Itapecerica Da Serra		2695	
Brazil	Itapetininga		2967	
Brazil	Itapevi		2251	
Brazil	Itaquaquecetuba		1458	
Brazil	Itu		2775	
Brazil	Jaboatao Dos Guarapes		784	
Brazil	Jacareí		2174	
Brazil	Jequié		2870	
Brazil	Joao Pessoa		756	
Brazil	Joinville		1066	
Brazil	Juazeiro		2199	
Brazil	Juiz De Fora		1027	
Brazil	Jundiaí		1473	
Brazil	Juàzeiro Do Norte		1971	
Brazil	Lages		2620	
Brazil	Lauro De Freitas		2910	
Brazil	Limeira		1752	
Brazil	Londrina		1068	
Brazil	Luziânia		2408	
Brazil	Macae		2708	
Brazil	Macapá		1407	
Brazil	Maceió		499	
Brazil	Magé		1987	
Brazil	Manaus		213	
Brazil	Maraba		2275	
Brazil	Maracanau		2323	
Brazil	Maringá		1558	
Brazil	Marília		2082	
Brazil	Mauá		1262	
Brazil	Mesquita		2423	
Brazil	Moji Das Cruzes		1392	
Brazil	Moji-Guaçu		2999	
Brazil	Montes Claros		1472	
Brazil	Mossoró		2040	
Brazil	Natal		619	
Brazil	Nilópolis		2841	
Brazil	Niterói		1111	
Brazil	Nossa Senhora Do Socorro		2494	
Brazil	Nova Friburgo		2505	
Brazil	Nova Iguaçu		569	
Brazil	Nôvo Hamburgo		1865	
Brazil	Olinda		1340	
Brazil	Osasco		705	
Brazil	Palmas		2108	
Brazil	Paranaguá		2885	
Brazil	Parnamirim		2605	
Brazil	Parnaíba		2964	
Brazil	Passo Fundo		2399	
Brazil	Paulista		1661	
Brazil	Pelotas		1480	
Brazil	Petrolina		1854	
Brazil	Petrópolis		1612	
Brazil	Pindamonhangaba		2959	
Brazil	Piracicaba		1409	
Brazil	Ponta Grossa		1634	
Brazil	Porto Alegre		86	
Brazil	Porto Velho		1359	
Brazil	Poços De Caldas		2787	
Brazil	Praia Grande		1937	
Brazil	Presidente Prudente		2213	
Brazil	Recife		84	
Brazil	Ribeirao Das Neves		1565	
Brazil	Ribeirao Prêto		920	
Brazil	Rio Branco		1599	
Brazil	Rio Claro		2377	
Brazil	Rio De Janeiro		21	
Brazil	Rio De Janeiro	Statue of Christ the Redeemer		
Brazil	Rio Grande		2312	
Brazil	Rondonópolis		2607	
Brazil	Salvador		106	
Brazil	Santa Bárbara D'Oeste		2396	
Brazil	Santa Luzia		2118	
Brazil	Santa Maria		1792	
Brazil	Santarém		1762	
Brazil	Santo André		751	
Brazil	Santos		1253	
Brazil	Sao Bernardo Do Campo		605	
Brazil	Sao Carlo		2126	
Brazil	Sao Gonçalo		474	
Brazil	Sao Joao De Meriti		1139	
Brazil	Sao José		2270	
Brazil	Sao José Do Rio Prêto		1259	
Brazil	Sao José Dos Campos		842	
Brazil	Sao José Dos Pinhais		1848	
Brazil	Sao Leopoldo		2165	
Brazil	Sao Luís		457	
Brazil	Sao Paulo		7	
Brazil	Sao Vicente		1544	
Brazil	Serra		1320	
Brazil	Sete Lagoas		2153	
Brazil	Sobral		2534	
Brazil	Sorocaba		889	
Brazil	Sumaré		1983	
Brazil	Susano		1744	
Brazil	Taboao Da Serra		2073	
Brazil	Taubaté		1786	
Brazil	Teresina		608	
Brazil	Teresópolis		2838	
Brazil	Timon		2911	
Brazil	Uberaba		1719	
Brazil	Uberlândia		865	
Brazil	Viamao		1842	
Brazil	Vila Velha		1296	
Brazil	Vitória		1588	
Brazil	Vitória Da Conquista		1703	
Brazil	Volta Redonda		1866	
Brazil	Várzea Grande		1876	
Bulgaria	Bourgas		2391	
Bulgaria	Plovdiv		1492	
Bulgaria	Rousse		2754	
Bulgaria	Sofia		379	
Bulgaria	Stara Zagora		3000	
Bulgaria	Varna		1607	
Burkina Faso	Bobo Dioulasso		1213	
Burkina Faso	Ouagadougou		353	
Burundi	Bujumbura		2000	
Cambodia	Bat Dambang		2582	
Cambodia	Phnom Penh		327	
Cambodia		Angkor Wat		
Cameroon	Bafoussam		2225	
Cameroon	Bamenda		1895	
Cameroon	Douala		274	
Cameroon	Garoua		1688	
Cameroon	Kousséri		2015	
Cameroon	Maroua		2072	
Cameroon	Ngaoundéré		2761	
Cameroon	Yaounde		306	
Canada	Abbotsford		2699	
Canada	Calgary		399	
Canada	Chicoutimi-Jonquière		2824	
Canada	Edmonton		430	
Canada	Halifax		1354	
Canada	Hamilton		702	
Canada	Kingston		2783	
Canada	Kitchener		1147	
Canada	London		1141	
Canada	Montréal		92	
Canada	Oshawa		1487	
Canada	Ottawa		372	
Canada	Québec		692	
Canada	Regina		2300	
Canada	Saskatoon		1999	
Canada	Sherbrooke		2668	
Canada	St. Catharines		1312	
Canada	St. John'S		2470	
Canada	Sudbury		2697	
Canada	Toronto		46	
Canada	Trois-Rivières		2972	
Canada	Vancouver		165	
Canada	Victoria		1527	
Canada	Windsor		1535	
Canada	Winnipeg		717	
Canada		Niagara Falls		
Central African Republic	Bangui		1175	
Chad	N'Djamena		973	
Chile	Antofagasta		1494	
Chile	Arica		2564	
Chile	Calama		2940	
Chile	Chillán		2811	
Chile	Concepción		2115	
Chile	Copiapó		2929	
Chile	Coquimbo		2633	
Chile	Iquique		2504	
Chile	La Serena		2544	
Chile	Osorno		2980	
Chile	Puente Alto		819	
Chile	Puerto Montt		2531	
Chile	Quilpué		2936	
Chile	Rancagua		2063	
Chile	San Bernardo		1763	
Chile	Santiago		47	
Chile	Talca		2239	
Chile	Talcahuano		2760	
Chile	Temuco		1923	
Chile	Valparaíso		1767	
Chile	Viña Del Mar		1691	
China	Acheng		804	
China	Akesu		915	
China	Aletai		2500	
China	An'Guo		1367	
China	Anda		1121	
China	Ankang		570	
China	Anlu		841	
China	Anning		1677	
China	Anqing		883	
China	Anqiu		406	
China	Anshan		230	
China	Anshun		655	
China	Anyang		652	
China	Atushi		2281	
China	Baicheng		1097	
China	Baise		1500	
China	Baishan		1523	
China	Baiyin		1157	
China	Baoding		514	
China	Baoji		864	
China	Baoshan		567	
China	Baotou		216	
China	Bazhong		351	
China	Bazhou		924	
China	Beian		1197	
China	Beihai		921	
China	Beijing		16	
China	Beijing	Forbidden City		
China	Beiliu		432	
China	Beining		985	
China	Beipiao		897	
China	Bengbu		597	
China	Benxi		470	
China	Bijie		390	
China	Binzhou		862	
China	Bole		2077	
China	Botou		936	
China	Bozhou		286	
China	Cangzhou		1194	
China	Cenxi		679	
China	Changchun		134	
China	Changde		288	
China	Changge		792	
China	Changji		1341	
China	Changle		741	
China	Changning		617	
China	Changsha		137	
China	Changshu		325	
China	Changyi		745	
China	Changzhi		789	
China	Changzhou		412	
China	Chaohu		640	
China	Chaoyang		180	
China	Chaoyang		1115	
China	Chaozhou		1419	
China	Chengde		1209	
China	Chengdu		74	
China	Chenghai		555	
China	Chenzhou		776	
China	Chiayi		1826	
China	Chibi		1022	
China	Chifeng		376	
China	Chishui		1897	
China	Chizhou		927	
China	Chongqing		69	
China	Chongzhou		785	
China	Chuxiong		1043	
China	Chuzhou		1075	
China	Cixi		335	
China	Conghua		1005	
China	Daan		1227	
China	Dafeng		665	
China	Dali		994	
China	Dalian		147	
China	Dandong		635	
China	Dangyang		1067	
China	Danjiangkou		1050	
China	Danyang		542	
China	Danzhou		574	
China	Daqing		276	
China	Dashiqiao		707	
China	Datong		235	
China	Daye		543	
China	Dazhou		1348	
China	Dehui		540	
China	Dengfeng		848	
China	Dengta		1046	
China	Dengzhou		308	
China	Dexing		1666	
China	Deyang		814	
China	Dezhou		931	
China	Dingzhou		398	
China	Dongfang		1435	
China	Donggang		802	
China	Dongguan		32	
China	Dongsheng		1888	
China	Dongtai		367	
China	Dongyang		668	
China	Dongying		621	
China	Dujiangyan		826	
China	Dunhua		1106	
China	Dunhuang		2401	
China	Duyun		1148	
China	Emeishan		1240	
China	Enping		1144	
China	Enshi		667	
China	Ezhou		439	
China	Fangchenggang		1243	
China	Feicheng		486	
China	Fengcheng		334	
China	Fengcheng		918	
China	Fenghua		1129	
China	Fengnan		937	
China	Fengzhen		1827	
China	Fenyang		1342	
China	Foshan		654	
China	Fuan		929	
China	Fuding		995	
China	Fujin		1249	
China	Fukang		2813	
China	Fuqing		362	
China	Fuquan		1689	
China	Fushun		258	
China	Fuxin		817	
China	Fuyang		207	
China	Fuyang		816	
China	Fuzhou		187	
China	Fuzhou		453	
China	Gaizhou		530	
China	Ganzhou		1070	
China	Gaoan		622	
China	Gaobeidian		954	
China	Gaocheng		662	
China	Gaomi		571	
China	Gaoming		1657	
China	Gaoping		1128	
China	Gaoyao		821	
China	Gaoyou		614	
China	Gaozhou		333	
China	Gejiu		1170	
China	Genhe		2756	
China	Gongyi		642	
China	Gongzhuling		434	
China	Guang'An		407	
China	Guanghan		892	
China	Guangshui		529	
China	Guangyuan		511	
China	Guangzhou		18	
China	Guigang		264	
China	Guilin		603	
China	Guiping		282	
China	Guixi		963	
China	Guiyang		175	
China	Gujiao		2223	
China	Haicheng		354	
China	Haikou		580	
China	Hailaer		1839	
China	Hailin		1211	
China	Hailun		696	
China	Haimen		489	
China	Haining		768	
China	Haiyang		777	
China	Hami		1337	
China	Hancheng		1343	
China	Hanchuan		419	
China	Handan		294	
China	Hangzhou		89	
China	Hanzhong		1041	
China	Harbin		107	
China	Hebi		1069	
China	Hechi		1583	
China	Hechuan		262	
China	Hefei		217	
China	Hegang		735	
China	Heihe		2357	
China	Hejian		664	
China	Hejin		1404	
China	Helong		2152	
China	Hengshui		1242	
China	Hengyang		539	
China	Heshan		1291	
China	Hetian		2421	
China	Heyuan		2053	
China	Heze		313	
China	Hezhou		564	
China	Honghu		541	
China	Hongjiang		1096	
China	Houma		2076	
China	Hsinchu		1433	
China	Huadian		1191	
China	Huaian		343	
China	Huaibei		675	
China	Huaihua		1479	
China	Huainan		283	
China	Huaiyin		928	
China	Huanggang		1384	
China	Huanghua		1101	
China	Huangshan		1289	
China	Huangshi		779	
China	Huayin		1960	
China	Huaying		1462	
China	Huazhou		452	
China	Huhehaote		266	
China	Huixian		643	
China	Huiyang		551	
China	Huizhou		873	
China	Hulin		1608	
China	Huludao		516	
China	Hunchun		2177	
China	Huozhou		1769	
China	Huzhou		383	
China	Ji'Nan		153	
China	Jiamusi		556	
China	Jian		1120	
China	Jian		1972	
China	Jian'Ou		1109	
China	Jiande		1122	
China	Jiangdu		426	
China	Jiangjin		297	
China	Jiangmen		959	
China	Jiangshan		1119	
China	Jiangyan		554	
China	Jiangyin		300	
China	Jiangyou		565	
China	Jianyang		265	
China	Jianyang		1584	
China	Jiaohe		1117	
China	Jiaonan		581	
China	Jiaozhou		629	
China	Jiaozuo		673	
China	Jiaxing		534	
China	Jiayuguan		2724	
China	Jieshou		800	
China	Jiexiu		1387	
China	Jieyang		809	
China	Jilin		192	
China	Jimo		397	
China	Jinchang		2233	
China	Jincheng		1637	
China	Jingdezhen		1189	
China	Jinggangshan		2920	
China	Jinghong		1193	
China	Jingjiang		803	
China	Jingmen		881	
China	Jingzhou		359	
China	Jinhua		1236	
China	Jining		429	
China	Jining		1780	
China	Jinjiang		245	
China	Jinshi		1956	
China	Jintan		968	
China	Jinzhong		966	
China	Jinzhou		553	
China	Jinzhou		996	
China	Jishou		1682	
China	Jiujiang		934	
China	Jiuquan		1481	
China	Jiutai		611	
China	Jixi		507	
China	Jiyuan		818	
China	Jizhou		1383	
China	Jurong		870	
China	Kaifeng		616	
China	Kaili		1216	
China	Kaiping		764	
China	Kaiyuan		977	
China	Kaiyuan		1692	
China	Kaohsiung		121	
China	Kashi		1499	
China	Keelung		1350	
China	Kelamayi		1791	
China	Kuerle		1355	
China	Kuitun		1718	
China	Kunming		174	
China	Kunshan		670	
China	Laiwu		328	
China	Laixi		684	
China	Laiyang		520	
China	Laizhou		525	
China	Langfang		704	
China	Langzhong		623	
China	Lanxi		853	
China	Lanzhou		188	
China	Laohekou		1025	
China	Lasa		2088	
China	Lechang		1238	
China	Leiyang		356	
China	Leizhou		317	
China	Leling		837	
China	Lengshuijiang		1505	
China	Leping		683	
China	Leqing		371	
China	Leshan		392	
China	Lianjiang		342	
China	Lianyuan		459	
China	Lianyungang		742	
China	Lianzhou		1276	
China	Liaocheng		482	
China	Liaoyang		685	
China	Liaoyuan		1152	
China	Lichuan		624	
China	Liling		491	
China	Lin'An		1014	
China	Linfen		691	
China	Lingbao		693	
China	Linghai		791	
China	Lingwu		1907	
China	Lingyuan		830	
China	Linhai		485	
China	Linhe		1021	
China	Linjiang		2429	
China	Linqing		736	
China	Linxia		2252	
China	Linxiang		1181	
China	Linyi		193	
China	Linzhou		469	
China	Lishi		1996	
China	Lishui		1475	
China	Liuan		229	
China	Liupanshui		460	
China	Liuyang		302	
China	Liuzhou		332	
China	Liyang		676	
China	Longhai		589	
China	Longjing		1846	
China	Longkou		758	
China	Longquan		1904	
China	Longyan		947	
China	Loudi		1308	
China	Lucheng		2159	
China	Lufeng		366	
China	Luoding		548	
China	Luohe		1638	
China	Luoyang		243	
China	Luquan		1310	
China	Luxi		1512	
China	Luzhou		323	
China	Maanshan		905	
China	Macheng		388	
China	Manzhouli		2474	
China	Maoming		795	
China	Meihekou		834	
China	Meishan		612	
China	Meixian		1600	
China	Meizhou		1452	
China	Mianyang		369	
China	Mianzhu		1007	
China	Miluo		773	
China	Mingguang		899	
China	Miquan		2476	
China	Mishan		1207	
China	Mudanjiang		447	
China	Muling		1614	
China	Nan'An		273	
China	Nan'Gong		1137	
China	Nanchang		143	
China	Nanchong		203	
China	Nanchuan		812	
China	Nanhai		186	
China	Nanjing		71	
China	Nankang		733	
China	Nanning		204	
China	Nanping		1085	
China	Nantong		647	
China	Nanxiong		1389	
China	Nanyang		225	
China	Nehe		754	
China	Neijiang		271	
China	Ning'An		1208	
China	Ningbo		228	
China	Ningde		1302	
China	Ningguo		1356	
China	Panjin		859	
China	Panshi		975	
China	Panzhihua		739	
China	Penglai		1053	
China	Pengzhou		648	
China	Pingdingshan		517	
China	Pingdu		298	
China	Pinghu		1030	
China	Pingliang		1165	
China	Pingxiang		630	
China	Pizhou		233	
China	Pulandian		663	
China	Puning		197	
China	Putian		1192	
China	Puyang		1182	
China	Qian'An		811	
China	Qianjiang		463	
China	Qidong		421	
China	Qingdao		95	
China	Qingtongxia		1916	
China	Qingyuan		1033	
China	Qingzhen		1131	
China	Qingzhou		521	
China	Qinhuangdao		586	
China	Qinyang		1184	
China	Qinzhou		435	
China	Qionghai		1178	
China	Qionglai		813	
China	Qiongshan		747	
China	Qiqihaer		232	
China	Qitaihe		1089	
China	Qixia		783	
China	Quanzhou		349	
China	Qufu		820	
China	Qujing		790	
China	Quzhou		1715	
China	Renhuai		997	
China	Renqiu		653	
China	Rizhao		380	
China	Rongcheng		678	
China	Rugao		281	
China	Ruian		341	
China	Ruichang		1307	
China	Ruijin		964	
China	Ruili		2782	
China	Rushan		886	
China	Ruzhou		498	
China	Sanhe		1163	
China	Sanmenxia		1706	
China	Sanming		1513	
China	Sanshui		1204	
China	Sanya		1104	
China	Shahe		1116	
China	Shanghai		14	
China	Shangqiu		259	
China	Shangrao		1551	
China	Shangyu		694	
China	Shangzhi		882	
China	Shangzhou		974	
China	Shantou		316	
China	Shanwei		1275	
China	Shaoguan		961	
China	Shaowu		1708	
China	Shaoxing		810	
China	Shaoyang		850	
China	Shengzhou		759	
China	Shenyang		60	
China	Shenzhen		19	
China	Shenzhou		901	
China	Shifang		1218	
China	Shihezi		876	
China	Shijiazhuang		149	
China	Shishi		1059	
China	Shishou		858	
China	Shiyan		877	
China	Shizuishan		1596	
China	Shouguang		411	
China	Shuangcheng		671	
China	Shuangliao		1298	
China	Shuangyashan		1088	
China	Shulan		772	
China	Shunde		212	
China	Shuozhou		912	
China	Sihui		1273	
China	Simao		2031	
China	Siping		1078	
China	Songyuan		956	
China	Songzi		557	
China	Suihua		609	
China	Suining		285	
China	Suizhou		224	
China	Suqian		1943	
China	Suzhou		223	
China	Suzhou		290	
China	Tacheng		2868	
China	Taian		234	
China	Taicang		1010	
China	Taichung		117	
China	Tainan		688	
China	Taishan		484	
China	Taixing		326	
China	Taiyuan		179	
China	Taizhou		242	
China	Taizhou		851	
China	Tangshan		208	
China	Taonan		1203	
China	Tengzhou		231	
China	Tianchang		874	
China	Tianjin		37	
China	Tianmen		221	
China	Tianshui		382	
China	Tiefa		1973	
China	Tieli		1450	
China	Tieling		1215	
China	Tongcheng		771	
China	Tongchuan		1299	
China	Tonghua		1158	
China	Tongjiang		2670	
China	Tongliao		618	
China	Tongling		1422	
China	Tongren		1620	
China	Tongxiang		708	
China	Tongzhou		278	
China	Tulufan		1898	
China	Urumqi		205	
China	Wafangdian		480	
China	Wanning		1016	
China	Wanyuan		958	
China	Weifang		275	
China	Weihai		846	
China	Weihui		1145	
China	Weinan		527	
China	Wenchang		1026	
China	Wendeng		749	
China	Wenling		370	
China	Wenzhou		194	
China	Wuan		695	
China	Wuchang		528	
China	Wuchuan		584	
China	Wudalianchi		1508	
China	Wugang		734	
China	Wugang		1603	
China	Wuhai		1231	
China	Wuhan		51	
China	Wuhu		730	
China	Wujiang		559	
China	Wujin		263	
China	Wulanhaote		1798	
China	Wusu		2378	
China	Wuwei		488	
China	Wuxi		261	
China	Wuxian		389	
China	Wuxue		698	
China	Wuyishan		2167	
China	Wuzhong		1442	
China	Wuzhou		1358	
China	Xi'An		93	
China	Xi'Ning		562	
China	Xiamen		189	
China	Xiangcheng		427	
China	Xiangfan		546	
China	Xiangtan		716	
China	Xiangxiang		600	
China	Xianning		904	
China	Xiantao		250	
China	Xianyang		481	
China	Xiaogan		532	
China	Xiaoshan		329	
China	Xiaoyi		1261	
China	Xichang		838	
China	Xifeng		1586	
China	Xilin'Haote		2557	
China	Xingcheng		988	
China	Xinghua		256	
China	Xingning		545	
China	Xingping		933	
China	Xingtai		960	
China	Xingyang		831	
China	Xingyi		697	
China	Xinhui		492	
China	Xinji		824	
China	Xinle		1205	
China	Xinmi		639	
China	Xinmin		780	
China	Xintai		291	
China	Xinxiang		644	
China	Xinyang		322	
China	Xinyi		477	
China	Xinyi		509	
China	Xinyu		641	
China	Xinzheng		847	
China	Xinzhou		1065	
China	Xishan		355	
China	Xuancheng		583	
China	Xuanwei		307	
China	Xuchang		1385	
China	Xuzhou		214	
China	Yaan		1525	
China	Yakeshi		1290	
China	Yan'An		1301	
China	Yancheng		743	
China	Yangchun		572	
China	Yangjiang		957	
China	Yangquan		775	
China	Yangzhong		1653	
China	Yangzhou		710	
China	Yanji		1219	
China	Yanshi		591	
China	Yantai		206	
China	Yi'Ning		1438	
China	Yibin		598	
China	Yichang		709	
China	Yicheng		990	
China	Yichun		500	
China	Yichun		593	
China	Yidu		1345	
China	Yinchuan		601	
China	Yingcheng		787	
China	Yingde		596	
China	Yingkou		729	
China	Yingtan		2502	
China	Yiwu		505	
China	Yixing		368	
China	Yiyang		330	
China	Yizheng		844	
China	Yizhou		939	
China	Yong'An		1524	
China	Yongcheng		318	
China	Yongchuan		467	
China	Yongji		1246	
China	Yongkang		925	
China	Yongzhou		473	
China	Yuanjiang		726	
China	Yuanping		1127	
China	Yucheng		1072	
China	Yueyang		504	
China	Yuhang		585	
China	Yulin		502	
China	Yulin		1176	
China	Yumen		2392	
China	Yuncheng		854	
China	Yunfu		1843	
China	Yunzhou		867	
China	Yushu		373	
China	Yuxi		1279	
China	Yuyao		563	
China	Yuzhou		391	
China	Zaoyang		423	
China	Zaozhuang		191	
China	Zengcheng		519	
China	Zhalantun		1278	
China	Zhangjiagang		479	
China	Zhangjiajie		1168	
China	Zhangjiakou		513	
China	Zhangping		1824	
China	Zhangqiu		472	
China	Zhangshu		984	
China	Zhangye		1090	
China	Zhangzhou		903	
China	Zhanjiang		287	
China	Zhaodong		578	
China	Zhaoqing		1031	
China	Zhaotong		686	
China	Zhaoyuan		872	
China	Zhengzhou		178	
China	Zhenjiang		731	
China	Zhijiang		1028	
China	Zhongshan		182	
China	Zhongxiang		441	
China	Zhoukou		1560	
China	Zhoushan		703	
China	Zhuanghe		576	
China	Zhucheng		424	
China	Zhuhai		577	
China	Zhuji		414	
China	Zhumadian		1510	
China	Zhuozhou		944	
China	Zhuzhou		537	
China	Zibo		176	
China	Zigong		428	
China	Zixing		1465	
China	Ziyang		445	
China	Zoucheng		404	
China	Zunhua		744	
China	Zunyi		738	
China	Hong Kong		38	
China	Hong Kong	Tian Tan Buddha		
China	Macao		1057	
China		Great Wall of China		
China		Potala Palace		
Colombia	Armenia		1733	
Colombia	Barrancabermeja		2375	
Colombia	Barranquilla		374	
Colombia	Bello		1361	
Colombia	Bogota		33	
Colombia	Bucaramanga		1003	
Colombia	Buenaventura		1520	
Colombia	Cali		157	
Colombia	Cartagena		515	
Colombia	Cúcuta		871	
Colombia	Dos Quebradas		2471	
Colombia	Envigado		2498	
Colombia	Florencia		2906	
Colombia	Floridablanca		1870	
Colombia	Ibagué		1040	
Colombia	Itagüi		1979	
Colombia	Manizales		1357	
Colombia	Medellín		98	
Colombia	Montería		1347	
Colombia	Neiva		1577	
Colombia	Palmira		1714	
Colombia	Pasto		1338	
Colombia	Pereira		1185	
Colombia	Popayán		1858	
Colombia	Riohacha		2529	
Colombia	Santa Marta		1244	
Colombia	Sincelejo		1965	
Colombia	Soacha		1263	
Colombia	Soledad		1114	
Colombia	Tuluá		2381	
Colombia	Tumaco		2678	
Colombia	Tunja		2751	
Colombia	Valledupar		1416	
Colombia	Villavicencio		1331	
Costa Rica	Alajuela		1911	
Costa Rica	Cartago		2901	
Costa Rica	San Jose		1485	
Croatia	Rijeka		2953	
Croatia	Split		2393	
Croatia	Zagreb		638	
Cuba	Bayamo		2907	
Cuba	Camagüey		1626	
Cuba	Cienfuegos		2975	
Cuba	Guantánamo		2197	
Cuba	Havana		156	
Cuba	Holguín		1771	
Cuba	Las Tunas		2863	
Cuba	Santa Clara		2195	
Cuba	Santiago De Cuba		1234	
Cyprus	Lefkosia		2078	
Cyprus	Lemesos		2516	
Czech Republic	Brno		1408	
Czech Republic	Ostrava		1611	
Czech Republic	Plzen		2693	
Czech Republic	Prague		361	
Czech Republic	Prague	Prague Castle		
Côte D'Ivoire	Abidjan		77	
Côte D'Ivoire	Bouake		1425	
Democratic Republic Of Congo	Kinshasa		29	
Denmark	Copenhagen		1052	
Denmark	Odense		2418	
Denmark	Ålborg		2685	
Denmark	Århus		1683	
Djibouti	Djibouti		1351	
Dominican Republic	San Pedro De Macoris		1815	
Dominican Republic	Santiago De Los Caballeros		573	
Dominican Republic	Santo Domingo		155	
Ecuador	Ambato		2613	
Ecuador	Cuenca		1639	
Ecuador	Durán		2445	
Ecuador	Guayaquil		126	
Ecuador	Machala		2133	
Ecuador	Manta		2352	
Ecuador	Portoviejo		2338	
Ecuador	Quito		244	
Ecuador	Santo Domingo De Los Colorados		2173	
Egypt	Alexandria		70	
Egypt	Assyût		1490	
Egypt	Aswan		2120	
Egypt	Beni-Suef		2580	
Egypt	Cairo		11	
Egypt	Damanhûr		2187	
Egypt	El-Mahalla El-Kubra		1318	
Egypt	Faiyûm		1851	
Egypt	Giza		184	
Egypt	Giza	Great Sphinx of Giza		
Egypt	Giza	Great Pyramid of Giza		
Egypt	Imbaba		989	
Egypt	Ismailia		1874	
Egypt	Kena		2779	
Egypt	Luxer		2799	
Egypt	Mansûra		1400	
Egypt	Menia		2264	
Egypt	Port Said		1126	
Egypt	Shebin-El-kom		2762	
Egypt	Shubra-El-khema		547	
Egypt	Sohag		2597	
Egypt	Suez		1255	
Egypt	Tanta		1388	
Egypt	Zagazig		1809	
El Salvador	Apopa		2358	
El Salvador	Ciudad Delgado		2676	
El Salvador	Ilopango		2937	
El Salvador	Mejicanos		2273	
El Salvador	Nueva San Salvador		2540	
El Salvador	San Miguel		1861	
El Salvador	San Salvador		1063	
El Salvador	Santa Ana		1845	
El Salvador	Soyapango		1699	
Eritrea	Asmara		1436	
Estonia	Tallinn		1313	
Ethiopia	Addis Ababa		101	
Ethiopia	Dessie		2997	
Ethiopia	Dire Dawa		1986	
Ethiopia	Gondar		2690	
Ethiopia	Nazareth		2386	
Fiji	Suva		2632	
Finland	Espoo		2014	
Finland	Helsinki		914	
Finland	Tampere		2227	
Finland	Turku		2541	
Finland	Vantaa		2394	
France	Angers		2834	
France	Bordeaux		2151	
France	Brest		2864	
France	Dijon		2849	
France	Grenoble		2804	
France	Le Havre		2371	
France	Le Mans		2914	
France	Lille		2435	
France	Lyon		1188	
France	Marseille		615	
France	Montpellier		2069	
France	Nantes		1789	
France	Nice		1491	
France	Paris		22	
France	Paris	Eiffel Tower		
France	Paris	Arc de Triomphe		
France	Paris	Louvre Museum		
France	Paris	Sacré-Coeur Basilica		
France	Reims		2410	
France	Rennes		2217	
France	Saint-Étienne		2482	
France	Strasbourg		1830	
France	Toulon		2710	
France	Toulouse		1332	
Gabon	Libreville		1251	
Georgia	Kutaisi		2443	
Georgia	Tbilisi		418	
Germany	Aachen		1949	
Germany	Augsburg		1875	
Germany	Berlin		79	
Germany	Berlin	Brandenburg Gate		
Germany	Berlin	Reichstag		
Germany	Bielefeld		1570	
Germany	Bochum		1323	
Germany	Bonn		170	
Germany	Braunschweig		1928	
Germany	Bremen		952	
Germany	Chemnitz		1834	
Germany	Dortmund		875	
Germany	Dresden		1112	
Germany	Duisburg		1000	
Germany	Düsseldorf		900	
Germany	Erfurt		2267	
Germany	Essen		36	
Germany	Frankfurt Am Main		142	
Germany	Freiburg Im Breisgau		2253	
Germany	Gelsenkirchen		1737	
Germany	Hagen		2229	
Germany	Halle		1878	
Germany	Hamburg		210	
Germany	Hamm		2464	
Germany	Hannover		1012	
Germany	Herne		2536	
Germany	Karlsruhe		1759	
Germany	Kassel		2324	
Germany	Kiel		2009	
Germany	Krefeld		1963	
Germany	Köln		478	
Germany	Leipzig		1082	
Germany	Leverkusen		2706	
Germany	Ludwigshafen Am Rhein		2681	
Germany	Lübeck		2160	
Germany	Magdeburg		2003	
Germany	Mainz		2454	
Germany	Mannheim		1623	
Germany	Mönchengladbach		1829	
Germany	Mülheim An Der Ruhr		2555	
Germany	München		347	
Germany	Münster		1825	
Germany	Neuss		2858	
Germany	Nürnberg		1091	
Germany	Oberhausen		2096	
Germany	Oldenburg		2794	
Germany	Osnabrück		2671	
Germany	Rostock		2249	
Germany	Saarbrücken		2442	
Germany	Solingen		2660	
Germany	Stuttgart		885	
Germany	Wiesbaden		1801	
Germany	Wuppertal		1401	
Ghana	Accra		171	
Ghana	Kumasi		363	
Ghana	Takoradi		2538	
Ghana	Tamale		2258	
Greece	Athens		78	
Greece	Athens	Acropolis		
Greece	Patrai		2619	
Greece	Pireas		2463	
Greece	Pésterion		2900	
Greece	Thessaloniki		1346	
Guadeloupe	Pointe-À-pitre		2579	
Guatemala	Guatemala City		440	
Guatemala	Mixco		1174	
Guatemala	Quetzaltenango		2823	
Guatemala	Villa Nueva		1330	
Guinea	Conakry		409	
Guinea	Kankan		1847	
Guinea	Kindia		1710	
Guinea	Labé		1910	
Guinea	Nzérékoré		1731	
Guinea-Bissau	Bissau		2304	
Guyana	Georgetown		1749	
Haiti	Carrefour		1516	
Haiti	Delmas		1724	
Haiti	Port-Au-prince		151	
Honduras	San Pedro Sula		1002	
Honduras	Tegucigalpa		558	
Hungary	Budapest		211	
Hungary	Debrecen		2238	
Hungary	Miskolc		2562	
Hungary	Pécs		2768	
Hungary	Szeged		2675	
Iceland	Reykjavik		2380	
India	Adoni		2705	
India	Agartala		2387	
India	Agra		299	
India	Agra	Taj Mahal		
India	Ahmedabad		55	
India	Ahmednagar		1476	
India	Aizawl		2041	
India	Ajmer		1081	
India	Akola		1305	
India	Alandur		2909	
India	Alappuzha		1732	
India	Aligarh		766	
India	Allahabad		431	
India	Alwar		1820	
India	Ambala		2630	
India	Ambarnath		2243	
India	Ambattur		1649	
India	Amravati		940	
India	Amritsar		448	
India	Amroha		2666	
India	Anand		2129	
India	Anantapur		1952	
India	Arrah		2248	
India	Asansol		410	
India	Aurangabad		522	
India	Avadi		2030	
India	Baharampur		2601	
India	Bahraich		2621	
India	Baleshwar		2771	
India	Bally		1844	
India	Balurghat		2968	
India	Bangalore		42	
India	Baranagar		1902	
India	Barasat		2027	
India	Barddhaman		1716	
India	Bareilly		682	
India	Barrackpur		2949	
India	Batala		2888	
India	Bathinda		2132	
India	Belgaum		1035	
India	Bellary		1589	
India	Bhadravati		2713	
India	Bhagalpur		1469	
India	Bhalswa Jahangir Pur		2833	
India	Bharatpur		2230	
India	Bharuch		2523	
India	Bhatpara		1199	
India	Bhavnagar		1004	
India	Bheemavaram		2984	
India	Bhilai Nagar		930	
India	Bhilwara		1747	
India	Bhind		2798	
India	Bhiwandi		828	
India	Bhiwani		2609	
India	Bhopal		252	
India	Bhubaneswar		774	
India	Bhusawal		2404	
India	Bidar		2558	
India	Bidhan Nagar		2635	
India	Bihar		2022	
India	Bijapur		1884	
India	Bikaner		980	
India	Bilaspur		1541	
India	Bokaro Steel City		1062	
India	Bommanahalli		2268	
India	Brahmapur		1704	
India	Budaun		2881	
India	Bulandshahr		2528	
India	Burhanpur		2341	
India	Byatarayanapura		2477	
India	Chandan Nagar		2696	
India	Chandigarh		599	
India	Chandrapur		1667	
India	Chapra		2496	
India	Chennai		34	
India	Chhindwara		2801	
India	Chirala		2644	
India	Chittoor		2812	
India	Coimbatore		253	
India	Cuddalore		2737	
India	Cuddapah		1850	
India	Cuttack		878	
India	Darbhanga		1813	
India	Dasarahalli		1831	
India	Davangere		1418	
India	Dehradun		983	
India	Delhi		9	
India	Dewas		2032	
India	Dhanbad		417	
India	Dhule		1498	
India	Dindigul		2318	
India	Durg		2029	
India	Durg-Bhilai Nagar		497	
India	Durgapur		1077	
India	Eluru		2149	
India	English Bazar		2080	
India	Erode		1328	
India	Etawah		2175	
India	Faizabad		2200	
India	Faridabad		422	
India	Farrukhabad-Cum-fategarh		1959	
India	Fatehpur		2829	
India	Firozabad		1221	
India	Gadag-Betgeri		2784	
India	Gajuwaka		1864	
India	Gandhinagar		2332	
India	Ganganagar		2091	
India	Gaya		1321	
India	Ghaziabad		476	
India	Gorakhpur		822	
India	Gulbarga		1212	
India	Guntur		1013	
India	Gurgaon		2045	
India	Guwahati		592	
India	Gwalior		549	
India	Habra		1977	
India	Haldia		2590	
India	Haldwani-Cum-kathgodam		2728	
India	Haora		450	
India	Hapur		2170	
India	Hardwar		2111	
India	Hisar		1836	
India	Hoshiarpur		2880	
India	Hospet		2688	
India	Hubli-Dharwad		625	
India	Hugli-Chinsurah		2604	
India	Hyderabad		43	
India	Ichalakaranji		1717	
India	Imphal		1931	
India	Indore		219	
India	Jabalpur		395	
India	Jaipur		118	
India	Jalandhar		713	
India	Jalgaon		1403	
India	Jalna		1998	
India	Jammu		852	
India	Jamnagar		922	
India	Jamshedpur		402	
India	Jaunpur		2718	
India	Jhansi		1149	
India	Jodhpur		560	
India	Junagadh		1893	
India	Kakinada		1402	
India	Kalyan		348	
India	Kamarhati		1595	
India	Kancheepuram		2398	
India	Kannur		1060	
India	Kanpur		100	
India	Kapra		2726	
India	Karawal Nagar		2877	
India	Karimnagar		2145	
India	Karnal		2098	
India	Karur		2809	
India	Katihar		2370	
India	Khammam		2315	
India	Khandwa		2577	
India	Kharagpur		1672	
India	Kirari Suleman Nagar		2795	
India	Kochi		284	
India	Kolhapur		1064	
India	Kolkata		12	
India	Kollam		1362	
India	Korba		1593	
India	Kota		719	
India	Kottayam		2568	
India	Kozhikode		535	
India	Krishnanagar		2875	
India	Krishnarajapura		2406	
India	Kukatpalle		1698	
India	Kulti		1702	
India	Kumbakonam		2707	
India	Kurnool		1573	
India	L.b. Nagar		1841	
India	Latur		1660	
India	Lucknow		123	
India	Ludhiana		269	
India	Machilipatnam		2450	
India	Madhyamgram		2777	
India	Madurai		346	
India	Maheshtala		1335	
India	Malappuram		2600	
India	Malegaon		1277	
India	Malkajgiri		2545	
India	Mangalore		955	
India	Mango		2651	
India	Mathura		1579	
India	Maunath Bhanjan		2184	
India	Medinipur		2806	
India	Meerut		364	
India	Mira-Bhayandar		998	
India	Mirzapur-Cum-vindhyachal		2228	
India	Moradabad		799	
India	Morena		2839	
India	Mumbai		6	
India	Munger		2407	
India	Murwara		2416	
India	Muzaffarnagar		1539	
India	Muzaffarpur		1632	
India	Mysore		626	
India	Nadiad		2317	
India	Nagercoil		2201	
India	Nagpur		138	
India	Naihati		2148	
India	Nala Sopara		2432	
India	Nanded		1226	
India	Nandyal		2773	
India	Nangloi Jat		2845	
India	Nashik		377	
India	Navi Mumbai		721	
India	Navsari		2043	
India	Nellore		1297	
India	New Delhi		1678	
India	Nizamabad		1712	
India	Noida		1685	
India	North Dumdum		2114	
India	Ongole		2814	
India	Ozhukarai		2131	
India	Palakkad		2308	
India	Pali		2403	
India	Pallavaram		2956	
India	Panihati		1474	
India	Panipat		1455	
India	Parbhani		1862	
India	Pathankot		2624	
India	Patiala		1563	
India	Patna		167	
India	Phusro		2550	
India	Pimpri Chinchwad		454	
India	Pondicherry		1036	
India	Porbandar		2306	
India	Proddatur		2665	
India	Pune		62	
India	Puri		2753	
India	Purnia		2316	
India	Quthbullapur		2068	
India	Rae Bareli		2611	
India	Raichur		2224	
India	Raiganj		2543	
India	Raipur		727	
India	Rajahmundry		1281	
India	Rajarhat Gopalpur		1785	
India	Rajkot		456	
India	Rajnandgaon		2961	
India	Rajpur Sonarpur		1515	
India	Ramagundam		1989	
India	Rampur		1740	
India	Ranaghat		2934	
India	Ranchi		550	
India	Ratlam		2013	
India	Raurkela		1098	
India	Rewa		2452	
India	Robertson Pet		2759	
India	Rohtak		1680	
India	Sagar		1616	
India	Saharanpur		1172	
India	Salem		672	
India	Sambalpur		2061	
India	Sambhal		2458	
India	Sangli-Miraj-kupwad		1183	
India	Satna		2044	
India	Secunderabad		2237	
India	Serampore		2302	
India	Serilingampalle		2840	
India	Shahjahanpur		1564	
India	Shillong		1805	
India	Shimla		2943	
India	Shimoga		1773	
India	Shivapuri		2898	
India	Sikar		2424	
India	Silchar		2437	
India	Siliguri		1132	
India	Singrauli		2422	
India	Sirsa		2717	
India	Sitapur		2828	
India	Solapur		544	
India	Sonipat		2075	
India	South Dum Dum		1325	
India	Srinagar		475	
India	Sultan Pur Majra		2682	
India	Surat		96	
India	Surendranagar Dudhrej		2767	
India	Tenali		2854	
India	Thane		320	
India	Thanjavur		2146	
India	Thiruvananthapuram		526	
India	Thoothukkudi		1958	
India	Thrissur		1542	
India	Tiruchchirappalli		566	
India	Tirunelveli		1222	
India	Tirupati		1648	
India	Tiruppur		950	
India	Tiruvottiyur		2172	
India	Tumkur		1917	
India	Udaipur		1334	
India	Ujjain		1225	
India	Ulhasnagar		1123	
India	Uluberia		2259	
India	Unnao		2939	
India	Uttarpara Kotrung		2848	
India	Vadodara		241	
India	Valsad		2925	
India	Varanasi		338	
India	Vasai		2549	
India	Vellore		1339	
India	Veraval		2749	
India	Vijayawada		449	
India	Visakhapatnam		295	
India	Vizianagarm		2335	
India	Wadhwan		2117	
India	Warangal		893	
India	Yamunanagar		1627	
India	Yavatmal		2985	
Indonesia	Ambon		2081	
Indonesia	Balikpapan		1229	
Indonesia	Banda Aceh		1794	
Indonesia	Bandar Lampung		620	
Indonesia	Bandjarmasin		906	
Indonesia	Bandung		85	
Indonesia	Batam		942	
Indonesia	Bengkulu		1877	
Indonesia	Binjai		2065	
Indonesia	Bitung		2691	
Indonesia	Bogor		587	
Indonesia	Cirebon		1777	
Indonesia	Denpasar		1044	
Indonesia	Gorontalo		2919	
Indonesia	Jakarta		2	
Indonesia	Jambi		1190	
Indonesia	Jayapura		2355	
Indonesia	Kediri		1894	
Indonesia	Madiun		2598	
Indonesia	Makasar		378	
Indonesia	Malang		650	
Indonesia	Manado		1265	
Indonesia	Mataram		1495	
Indonesia	Medan		146	
Indonesia	Padang		651	
Indonesia	Pakanbaru		753	
Indonesia	Palangkaraya		2653	
Indonesia	Palembang		309	
Indonesia	Pangkal Pinang		2743	
Indonesia	Pasuruan		2514	
Indonesia	Pekalongan		1784	
Indonesia	Pematang Siantar		2079	
Indonesia	Pontianak		1102	
Indonesia	Probolinggo		2279	
Indonesia	Salatiga		2709	
Indonesia	Samarinda		913	
Indonesia	Semarang		268	
Indonesia	Sukabumi		1793	
Indonesia	Surabaya		112	
Indonesia	Surakarta		1079	
Indonesia	Tangerang		251	
Indonesia	Tanjung Balai		2928	
Indonesia	Tegal		1961	
Indonesia	Yogyakarta		1324	
Indonesia		Borobudur Temple		
Iran	Abadan		1756	
Iran	Ahwaz		483	
Iran	Amol		2334	
Iran	Arak		1113	
Iran	Ardabil		1329	
Iran	Babol		2320	
Iran	Bandar-E-abbas		1594	
Iran	Birjand		2413	
Iran	Bojnurd		2461	
Iran	Borujerd		1948	
Iran	Bukand		2567	
Iran	Bushehr		2843	
Iran	Dezful		1964	
Iran	Esfahan		238	
Iran	Gorgan		1970	
Iran	Hamadan		1071	
Iran	Ilam		2987	
Iran	Islam Shahr		1775	
Iran	Karaj		336	
Iran	Kashan		1941	
Iran	Kerman		976	
Iran	Kermanshah		588	
Iran	Khomeini Shahr		2475	
Iran	Khoramabad		1602	
Iran	Khoramshahr		2974	
Iran	Khoy		2643	
Iran	Malayer		2614	
Iran	Maraqeh		2780	
Iran	Mashhad		129	
Iran	Najafabad		2236	
Iran	Neyshabur		2220	
Iran	Orumiyeh		861	
Iran	Qaem Shahr		2622	
Iran	Qarchak		2661	
Iran	Qazvin		1624	
Iran	Qods		1991	
Iran	Qom		466	
Iran	Rasht		1001	
Iran	Sabzewar		2150	
Iran	Sanandaj		1549	
Iran	Saqez		2879	
Iran	Sari		1887	
Iran	Shiraz		344	
Iran	Sirjan		2307	
Iran	Tabriz		279	
Iran	Tehran		30	
Iran	Varamin		2411	
Iran	Yazd		1220	
Iran	Zahedan		965	
Iran	Zanjan		1482	
Iraq	Adhamiyah		1146	
Iraq	Amara		2192	
Iraq	Baghdad		45	
Iraq	Basra		1288	
Iraq	Diwaniya		2321	
Iraq	Erbil		1094	
Iraq	Hilla		1800	
Iraq	Kadhimain		992	
Iraq	Karradah Sharqiyah		1997	
Iraq	Kerbala		1669	
Iraq	Kirkuk		1250	
Iraq	Kut		2453	
Iraq	Majnoon		1946	
Iraq	Mosul		769	
Iraq	Najaf		1618	
Iraq	Nasariya		1817	
Iraq	Ramadi		2359	
Iraq	Sulamaniya		1417	
Ireland	Cork		2420	
Ireland	Dublin		455	
Israel	Ashdod		2257	
Israel	Be'Er Sheva		2427	
Israel	Bene Beraq		2902	
Israel	Haifa		1814	
Israel	Holon		2647	
Israel	Jerusalem		687	
Israel	Netanya		2572	
Israel	Petah Tiqwa		2465	
Israel	Rishon Leziyyon		2109	
Israel	Tel Aviv-Yafo		125	
Italy	Bari		1555	
Italy	Bologna		1386	
Italy	Brescia		2374	
Italy	Cagliari		2720	
Italy	Catania		1647	
Italy	Firenze		1410	
Italy	Foggia		2802	
Italy	Genova		833	
Italy	Livorno		2711	
Italy	Messina		1934	
Italy	Milan		67	
Italy	Modena		2483	
Italy	Naples		104	
Italy	Padova		2182	
Italy	Palermo		765	
Italy	Parma		2525	
Italy	Perugia		2700	
Italy	Pisa	Tower of Pisa		
Italy	Prato		2430	
Italy	Ravenna		2851	
Italy	Reggio Di Calabria		2438	
Italy	Reggio Nell'Emilia		2736	
Italy	Rome		115	
Italy	Rome	Colosseum		
Italy	Rome	The Trevi Fountain		
Italy	Rome	Spanish Steps		
Italy	Taranto		2313	
Italy	Torino		518	
Italy	Trieste		2222	
Italy	Venice		1797	
Italy	Venice	Saint Mark's Basilica		
Italy	Verona		1853	
Jamaica	Kingston		887	
Jamaica	Portmore		2766	
Japan	Ageo		2112	
Japan	Akashi		1695	
Japan	Akita		1533	
Japan	Amagasaki		1150	
Japan	Anjo		2602	
Japan	Aomori		1609	
Japan	Asahikawa		1445	
Japan	Ashikaga		2721	
Japan	Atsugi		2095	
Japan	Chiba		495	
Japan	Chigasaki		2047	
Japan	Chofu		2143	
Japan	Fuchu		1935	
Japan	Fuji		1990	
Japan	Fujisawa		1315	
Japan	Fukui		1892	
Japan	Fukuoka		154	
Japan	Fukushima		1696	
Japan	Fukuyama		1252	
Japan	Funabashi		898	
Japan	Gifu		1306	
Japan	Hachinohe		1942	
Japan	Hachioji		919	
Japan	Hadano		2623	
Japan	Hakodate		1684	
Japan	Hamamatsu		604	
Japan	Higashihiroshima		2436	
Japan	Higashimurayama		2938	
Japan	Higashiosaka		1015	
Japan	Himeji		1103	
Japan	Hino		2521	
Japan	Hirakata		1300	
Japan	Hiratsuka		1863	
Japan	Hirosaki		2565	
Japan	Hiroshima		375	
Japan	Hitachi		2292	
Japan	Hitachinaka		2800	
Japan	Ibaraki		1804	
Japan	Ichihara		1746	
Japan	Ichikawa		1140	
Japan	Ichinomiya		1393	
Japan	Imabari		2553	
Japan	Iruma		2876	
Japan	Isahaya		2954	
Japan	Isesaki		2254	
Japan	Ishinomaki		2641	
Japan	Itami		2361	
Japan	Iwaki		1451	
Japan	Iwata		2589	
Japan	Izumi		2510	
Japan	Izumo		2905	
Japan	Joetsu		2203	
Japan	Kagoshima		855	
Japan	Kakamigahara		2951	
Japan	Kakogawa		1811	
Japan	Kamakura		2585	
Japan	Kanazawa		1167	
Japan	Kariya		2983	
Japan	Kashiwa		1360	
Japan	Kasugai		1673	
Japan	Kasukabe		1980	
Japan	Kawagoe		1529	
Japan	Kawaguchi		1107	
Japan	Kawanishi		2750	
Japan	Kawasaki		296	
Japan	Kishiwada		2271	
Japan	Kitakyushu		462	
Japan	Kobe		236	
Japan	Kochi		1531	
Japan	Kodaira		2444	
Japan	Kofu		2343	
Japan	Koga		2931	
Japan	Komaki		2895	
Japan	Koriyama		1507	
Japan	Koshigaya		1592	
Japan	Kumagaya		2369	
Japan	Kumamoto		761	
Japan	Kurashiki		1133	
Japan	Kure		1900	
Japan	Kurume		1628	
Japan	Kushiro		2468	
Japan	Kyoto		249	
Japan	Machida		1294	
Japan	Maebashi		1582	
Japan	Matsudo		1125	
Japan	Matsue		2319	
Japan	Matsumoto		2055	
Japan	Matsusaka		2617	
Japan	Matsuyama		1011	
Japan	Mitaka		2513	
Japan	Mito		1837	
Japan	Miyazaki		1613	
Japan	Moriguchi		2891	
Japan	Morioka		1711	
Japan	Nagano		1371	
Japan	Nagaoka		1993	
Japan	Nagareyama		2819	
Japan	Nagasaki		1196	
Japan	Nagoya		24	
Japan	Naha		1606	
Japan	Nara		1396	
Japan	Narashino		2732	
Japan	Neyagawa		1962	
Japan	Niigata		627	
Japan	Niiza		2807	
Japan	Nishinomiya		1142	
Japan	Nishitokyo		2382	
Japan	Noda		2836	
Japan	Numazu		2204	
Japan	Obihiro		2593	
Japan	Odawara		2298	
Japan	Ogaki		2837	
Japan	Oita		1151	
Japan	Okayama		750	
Japan	Okazaki		1449	
Japan	Ome		2979	
Japan	Osaka		10	
Japan	Ota		2161	
Japan	Otaru		2981	
Japan	Otsu		1652	
Japan	Oyama		2716	
Japan	Saga		2212	
Japan	Sagamihara		815	
Japan	Saitama		360	
Japan	Sakai		579	
Japan	Sakura		2584	
Japan	Sapporo		163	
Japan	Sasebo		1921	
Japan	Sayama		2745	
Japan	Sendai		437	
Japan	Shimonoseki		1697	
Japan	Shizuoka		725	
Japan	Shunan		2820	
Japan	Soka		1995	
Japan	Suita		1456	
Japan	Suzuka		2354	
Japan	Tachikawa		2573	
Japan	Takamatsu		1511	
Japan	Takaoka		2637	
Japan	Takarazuka		2116	
Japan	Takasaki		1939	
Japan	Takatsuki		1464	
Japan	Tama		2916	
Japan	Tokorozawa		1517	
Japan	Tokushima		1806	
Japan	Tokyo		1	
Japan	Tokyo	Shibuya Crossing		
Japan	Tomakomai		2570	
Japan	Tottori		2263	
Japan	Toyama		1247	
Japan	Toyohashi		1391	
Japan	Toyonaka		1344	
Japan	Toyota		1266	
Japan	Tsu		2663	
Japan	Tsukuba		2277	
Japan	Tsuruoka		2976	
Japan	Ube		2495	
Japan	Uji		2385	
Japan	Urayasu		2781	
Japan	Utsunomiya		1161	
Japan	Wakayama		1379	
Japan	Yachiyo		2480	
Japan	Yamagata		1872	
Japan	Yamaguchi		2366	
Japan	Yamato		2105	
Japan	Yao		1776	
Japan	Yokkaichi		1640	
Japan	Yokohama		173	
Japan	Yokosuka		1233	
Japan	Yonago		2862	
Jordan	Amman		124	
Jordan	Irbid		1799	
Jordan	Russiefa		1918	
Jordan	Zarqa		1223	
Jordan		Petra		
Kazakhstan	Aktau		2655	
Kazakhstan	Aktobe		1868	
Kazakhstan	Almaty		324	
Kazakhstan	Astana		938	
Kazakhstan	Atirau		2535	
Kazakhstan	Karaganda		1186	
Kazakhstan	Kustanai		2207	
Kazakhstan	Kyzylorda		2446	
Kazakhstan	Pavlodar		1635	
Kazakhstan	Petropavlovsk Kazakhstanskaya		2379	
Kazakhstan	Semipalatinsk		1738	
Kazakhstan	Shimkent		987	
Kazakhstan	Taraz		1518	
Kazakhstan	Temirtau		2591	
Kazakhstan	Uralsk		2038	
Kazakhstan	Ust-Kamenogorsk		1707	
Kenya	Kisumu		863	
Kenya	Mombasa		552	
Kenya	Nairobi		102	
Kenya	Nakuru		226	
Kuwait	Salmiya		2310	
Kyrgyzstan	Bishkek		607	
Kyrgyzstan	Osh		1906	
Laos	Vientiane		982	
Latvia	Riga		690	
Lebanon	Beirut		1427	
Libya	Al Khums		2285	
Libya	Benghazi		610	
Libya	Misurata		1430	
Libya	Sebha		2852	
Libya	Tripoli		239	
Libya	Zuwarah		1748	
Lithuania	Kaunas		1431	
Lithuania	Klaipeda		2417	
Lithuania	Vilnius		951	
Macedonia	Skoplje		991	
Madagascar	Antananarivo		446	
Madagascar	Antsirabe		2484	
Madagascar	Fianarantsoa		2662	
Madagascar	Mahajanga		2818	
Madagascar	Toamasina		2246	
Malawi	Blantyre City		711	
Malawi	Lilongwe		762	
Malaysia	Alor Setar		2672	
Malaysia	George Town		2119	
Malaysia	Ipoh		1134	
Malaysia	Johore Bharu		1200	
Malaysia	Klang		1406	
Malaysia	Kota Bahru		2007	
Malaysia	Kota Kinabalu		2714	
Malaysia	Kuala Lumpur		48	
Malaysia	Kuala Lumpur	Petronas Towers		
Malaysia	Kuala Terengganu		2050	
Malaysia	Kuantan		2255	
Malaysia	Kuching		1757	
Malaysia	Petaling Jaya		1466	
Malaysia	Sandakan		2763	
Malaysia	Seremban		2351	
Malaysia	Taiping		2282	
Mali	Bamako		444	
Mali	Gao		1319	
Mali	Kayes		277	
Mali	Koulikoro		227	
Mali	Mopti		246	
Mali	Sikasso		202	
Mali	Ségou		215	
Mali	Tombouctou		1110	
Mauritania	Nouakchott		923	
Mauritius	Port Louis		2872	
Mexico	Acapulco		805	
Mexico	Aguascalientes		700	
Mexico	Campeche		2141	
Mexico	Cancun		946	
Mexico	Celaya		1572	
Mexico	Chihuahua		656	
Mexico	Ciudad Del Carmen		2712	
Mexico	Ciudad Victoria		1734	
Mexico	Coatzacoalcos		1239	
Mexico	Colimas		2059	
Mexico	Cuernavaca		689	
Mexico	Culiacán Rosales		829	
Mexico	Durango De		1108	
Mexico	Guadalajara		72	
Mexico	Hermosillo		770	
Mexico	Irapuato		1478	
Mexico	Juárez		293	
Mexico	La Paz		2362	
Mexico	León Los		311	
Mexico	Matamoros		1224	
Mexico	Mexicali		763	
Mexico	Mexico City		8	
Mexico	Monclova		1808	
Mexico	Monterrey		81	
Mexico	Morelia		778	
Mexico	Mérida		524	
Mexico	Nuevo Laredo		1441	
Mexico	Oaxaca De Juárez		1054	
Mexico	Orizaba		1105	
Mexico	Pachuca		1569	
Mexico	Puebla De Zaragoza		196	
Mexico	Querétaro		732	
Mexico	Reynosa		969	
Mexico	Salamanca		2917	
Mexico	Saltillo		723	
Mexico	San Luis Potosí		490	
Mexico	Tampico		794	
Mexico	Tepic		1643	
Mexico	Tijuana		301	
Mexico	Tlaxcala		1042	
Mexico	Toluca		415	
Mexico	Torreón		533	
Mexico	Tuxtla Gutiérrez		1047	
Mexico	Veracruz		806	
Mexico	Villahermosa		1370	
Mexico	Zacatecas		2001	
Mexico		Chichen Itza		
Moldova	Balti		2871	
Moldova	Kishinev		636	
Mongolia	Ulaanbaatar		471	
Morocco	Agadir		1074	
Morocco	Béni-Mellal		458	
Morocco	Casablanca		109	
Morocco	El-Jadida		401	
Morocco	Fès		352	
Morocco	Khouribga		1519	
Morocco	Kénitra		868	
Morocco	Marrakech		416	
Morocco	Meknès		746	
Morocco	Mohammedia		2089	
Morocco	Oujda		1093	
Morocco	Rabat		752	
Morocco	Safi		510	
Morocco	Salé		536	
Morocco	Tanger		634	
Morocco	Tétouan		781	
Mozambique	Beira		1311	
Mozambique	Chimoio		2586	
Mozambique	Maputo		272	
Mozambique	Matola		1237	
Mozambique	Nacala		2741	
Mozambique	Nampula		1644	
Mozambique	Quelimane		2850	
Myanmar	Yangon		66	
Myanmar	Yangon	Shwedagon Pagoda		
Namibia	Windhoek		2012	
Nepal	Biratnagar		2646	
Nepal	Kathmandu		757	
Nepal	Lalitpur		2692	
Nepal	Pokhara		2770	
Netherlands	Almere		2501	
Netherlands	Amersfoort		2656	
Netherlands	Amsterdam		442	
Netherlands	Apeldoorn		2776	
Netherlands	Arnhem		2963	
Netherlands	Breda		2608	
Netherlands	Dordrecht		1936	
Netherlands	Eindhoven		1568	
Netherlands	Enschede		2790	
Netherlands	Groningen		2287	
Netherlands	Haarlem		2384	
Netherlands	Heerlen-Kerkrade		2186	
Netherlands	Leiden		1908	
Netherlands	Nijmegen		2725	
Netherlands	Rotterdam		164	
Netherlands	S-Hertogenbosch		2719	
Netherlands	The Hague		827	
Netherlands	Tilburg		2094	
Netherlands	Utrecht		1257	
New Zealand	Auckland		314	
New Zealand	Christchurch		1382	
New Zealand	Hamilton		2365	
New Zealand	Manukau		1477	
New Zealand	Northshore		2138	
New Zealand	Waitakere		2336	
New Zealand	Wellington		1378	
Nicaragua	Managua		508	
Niger	Niamey		715	
Nigeria	Aba		1055	
Nigeria	Abeokuta		1459	
Nigeria	Abuja		1368	
Nigeria	Ado-Ekiti		2774	
Nigeria	Akure		1978	
Nigeria	Bauchi		2215	
Nigeria	Benin City		660	
Nigeria	Calabar		1610	
Nigeria	Damaturu		2988	
Nigeria	Ede		2978	
Nigeria	Effon-Alaiye		2729	
Nigeria	Enugu		1282	
Nigeria	Gombe		2683	
Nigeria	Ibadan		199	
Nigeria	Ife		2414	
Nigeria	Ikorodu		2431	
Nigeria	Ilorin		970	
Nigeria	Iseyin		2587	
Nigeria	Jimeta		2993	
Nigeria	Jos		1023	
Nigeria	Kaduna		461	
Nigeria	Kano		108	
Nigeria	Katsina		1860	
Nigeria	Lagos		26	
Nigeria	Maiduguri		832	
Nigeria	Makurdi		2832	
Nigeria	Minna		2390	
Nigeria	Ogbomosho		1217	
Nigeria	Okene		1604	
Nigeria	Ondo		2913	
Nigeria	Onitsha		1468	
Nigeria	Oshogbo		1901	
Nigeria	Owo		2757	
Nigeria	Oyo		1397	
Nigeria	Port Harcourt		722	
Nigeria	Sokoto		1543	
Nigeria	Umuahia		2896	
Nigeria	Warri		1420	
Nigeria	Zaria		840	
North Korea	Chongjin		884	
North Korea	Haeju		2046	
North Korea	Hamhung		712	
North Korea	Hyesan		2507	
North Korea	Kaesong		1526	
North Korea	Kanggye		2084	
North Korea	Nampho		680	
North Korea	Phyongsong		1778	
North Korea	Pyongyang		94	
North Korea	Sariwon		1881	
North Korea	Sinuiji		1554	
North Korea	Wonsan		1659	
Norway	Bergen		1951	
Norway	Oslo		948	
Norway	Trondheim		2715	
Oman	Asseeb		2083	
Oman	Bawshar		2842	
Oman	Mutrah		2805	
Oman	Salalah		2765	
Pakistan	Bahawalpur		1280	
Pakistan	Burewala		2825	
Pakistan	Chiniot		2574	
Pakistan	Dera Ghazi Khan		2376	
Pakistan	Faisalabad		128	
Pakistan	Gujranwala		386	
Pakistan	Gujrat		1896	
Pakistan	Hyderabad		365	
Pakistan	Islamabad		978	
Pakistan	Jhang		1686	
Pakistan	Jhelum		2893	
Pakistan	Kamoke		2821	
Pakistan	Karachi		23	
Pakistan	Kasur		1938	
Pakistan	Lahore		40	
Pakistan	Larkana		1790	
Pakistan	Mangora		2556	
Pakistan	Mardan		1932	
Pakistan	Mirpur Khas		2383	
Pakistan	Multan		345	
Pakistan	Nawabshah		2388	
Pakistan	Okara		2261	
Pakistan	Peshawar		468	
Pakistan	Quetta		911	
Pakistan	Rahimyar Khan		2011	
Pakistan	Rawalpindi		131	
Pakistan	Sadiqabad		2946	
Pakistan	Sahiwal		2193	
Pakistan	Sargodha		1160	
Pakistan	Sheikhu Pura		1745	
Pakistan	Sialkote		1245	
Pakistan	Sukkur		1521	
Pakistan	Wah Cantonment		2296	
Palestine	Gaza		1274	
Palestine	Hebron		2654	
Panama	Panama City		1099	
Panama	San Miguelito		1538	
Papua New Guinea	Port Moresby		1880	
Paraguay	Asuncion		220	
Paraguay	Capiatá		2788	
Paraguay	Ciudad Del Este		1530	
Paraguay	Luque		2596	
Paraguay	San Lorenzo		2250	
Peru	Arequipa		632	
Peru	Ayacucho		2701	
Peru	Callao		907	
Peru	Chiclayo		1051	
Peru	Chimbote		1545	
Peru	Cuzco		1553	
Peru	Huancayo		1625	
Peru	Huánuco		2971	
Peru	Ica		2221	
Peru	Iquitos		1440	
Peru	Juliaca		2198	
Peru	Lima		31	
Peru	Piura		1426	
Peru	Pucallpa		1914	
Peru	Sullana		2542	
Peru	Tacna		2037	
Peru	Trujillo		793	
Peru		Macchu Picchu		
Philippines	Angeles		1807	
Philippines	Bacolod		1230	
Philippines	Bago		2994	
Philippines	Baguio		1891	
Philippines	Basilan		1534	
Philippines	Batangas		1922	
Philippines	Butuan		1810	
Philippines	Cabanatuan		2090	
Philippines	Cadiz		2986	
Philippines	Cagayan De Oro		1153	
Philippines	Calbayog		2894	
Philippines	Caloocan		357	
Philippines	Cebu		699	
Philippines	Cotabato		2680	
Philippines	Davao		381	
Philippines	General Santos		1269	
Philippines	Iligan		1721	
Philippines	Iloilo		1411	
Philippines	Kabankalan		2857	
Philippines	Kalookan		358	
Philippines	Lapu-Lapu		2135	
Philippines	Las Piñas		1124	
Philippines	Legasp		2758	
Philippines	Lipa		2128	
Philippines	Lucena City		2326	
Philippines	Makati		1130	
Philippines	Malabon		1506	
Philippines	Malolos		2539	
Philippines	Mandaluyong		1755	
Philippines	Mandaue		1857	
Philippines	Manila		5	
Philippines	Marikina		1327	
Philippines	Muntinlupa		1366	
Philippines	Navotas		2034	
Philippines	Olongapo		2342	
Philippines	Ormoc		2792	
Philippines	Pagadian		2973	
Philippines	Paranaque		1179	
Philippines	Pasay		1446	
Philippines	Pasig		1038	
Philippines	Puerto Princesa		2698	
Philippines	Quezon City		185	
Philippines	San Carlos		2793	
Philippines	San Fernando City		2099	
Philippines	San Juan		139	
Philippines	San Pablo		2206	
Philippines	Tacloban		2499	
Philippines	Taguig		1136	
Philippines	Tagum		2491	
Philippines	Tarlac		1838	
Philippines	Valenzuela		1095	
Philippines	Zamboanga		860	
Poland	Bialystok		1676	
Poland	Bielsko-Biala		2518	
Poland	Bydgoszcz		1415	
Poland	Bytom		2409	
Poland	Czestochowa		1930	
Poland	Gdansk		1162	
Poland	Gdynia		1890	
Poland	Gliwice		2294	
Poland	Katowice		133	
Poland	Kielce		2209	
Poland	Kraków		666	
Poland	Lublin		1453	
Poland	Lódz		658	
Poland	Olsztyn		2548	
Poland	Poznan		908	
Poland	Radom		2066	
Poland	Ruda Slaska		2915	
Poland	Rzeszów		2689	
Poland	Sosnowiec		2074	
Poland	Szczecin		1272	
Poland	Torun		2210	
Poland	Warsaw		169	
Poland	Wroclaw		808	
Poland	Zabrze		2373	
Portugal	Amadora		2546	
Portugal	Lisbon		141	
Portugal	Porto		2033	
Puerto Rico	Bayamón		2102	
Puerto Rico	Caguas		2970	
Puerto Rico	Carolina		2402	
Puerto Rico	Ponce		2472	
Puerto Rico	San Juan		1232	
Qatar	Al-Rayyan		1471	
Qatar	Doha		1248	
Romania	Arad		2631	
Romania	Bacau		2492	
Romania	Braila		2139	
Romania	Brasov		1742	
Romania	Bucharest		172	
Romania	Cluj-Napoca		1630	
Romania	Constanta		1631	
Romania	Craiova		1658	
Romania	Galati		1670	
Romania	Iasi		1591	
Romania	Oradea		2219	
Romania	Pitesti		2603	
Romania	Ploiesti		2026	
Romania	Sibiu		2789	
Romania	Timisoara		1642	
Romania	Tirgu-Mures		2903	
Russia	Abakan		2684	
Russia	Almetievsk		2991	
Russia	Angarsk		1940	
Russia	Arkhangelsk		1444	
Russia	Armavir		2191	
Russia	Astrakhan		1056	
Russia	Balakovo		2280	
Russia	Balashikha		2441	
Russia	Barnaul		782	
Russia	Belgorod		1483	
Russia	Belovo		2923	
Russia	Berezniki		2638	
Russia	Biisk		2070	
Russia	Blagoveshchensk		2144	
Russia	Bratsk		1883	
Russia	Bryansk		1210	
Russia	Cheboksary		1169	
Russia	Chelyabinsk		408	
Russia	Cherepovets		1622	
Russia	Chita		1629	
Russia	Dzerzhinsk		1855	
Russia	Ekaterinoburg		292	
Russia	Elektrostal		2912	
Russia	Engels		2008	
Russia	Groznyi		2113	
Russia	Irkutsk		894	
Russia	Ivanovo		1271	
Russia	Izhevsk		835	
Russia	Kaliningrad		1241	
Russia	Kaliningrad		2566	
Russia	Kaluga		1493	
Russia	Kamensk-Uralsky		2448	
Russia	Kazan		396	
Russia	Kemerovo		999	
Russia	Khabarovsk		891	
Russia	Khimki		2481	
Russia	Kirov		1083	
Russia	Kolomna		2883	
Russia	Komsomolsk-Na-amure		1782	
Russia	Kostroma		1774	
Russia	Kovrov		2835	
Russia	Krasnodar		637	
Russia	Krasnoyarsk		494	
Russia	Kurgan		1546	
Russia	Kursk		1292	
Russia	Lipetsk		1045	
Russia	Lyubertsy		2731	
Russia	Magnitogorsk		1268	
Russia	Maikop		2537	
Russia	Makhachkala		932	
Russia	Miass		2636	
Russia	Moscow		15	
Russia	Moscow	Kremlin		
Russia	Murmansk		1578	
Russia	Mytishchi		2694	
Russia	Naberezhnye Tchelny		1032	
Russia	Nakhodka		2578	
Russia	Naltchik		1671	
Russia	Nizhenvartovsk		1966	
Russia	Nizhnekamsk		2064	
Russia	Nizhny Novgorod		310	
Russia	Nizhny Tagil		1369	
Russia	Norilsk		2166	
Russia	Novocherkassk		2497	
Russia	Novokuznetsk		916	
Russia	Novorossiysk		1741	
Russia	Novosibirsk		270	
Russia	Omsk		385	
Russia	Orel		1557	
Russia	Orenburg		943	
Russia	Orsk		1899	
Russia	Penza		1024	
Russia	Perm		464	
Russia	Pervouralsk		2740	
Russia	Petropavlovsk-Kamchatsky		2337	
Russia	Petrozavodsk		1821	
Russia	Podolsk		2493	
Russia	Prokopyevsk		2137	
Russia	Pskov		2330	
Russia	Pyatigorsk		2226	
Russia	Rostov-Na-donu		425	
Russia	Rubtsovsk		2746	
Russia	Ryazan		1018	
Russia	Rybinsk		2158	
Russia	Saint Petersburg		59	
Russia	Salavat		2764	
Russia	Samara		384	
Russia	Saransk		1562	
Russia	Saratov		568	
Russia	Severodvinsk		2325	
Russia	Shakhty		1926	
Russia	Smolensk		1585	
Russia	Sochi		1303	
Russia	Starsy Oskol		2127	
Russia	Stavropol		1432	
Russia	Sterlitamak		1819	
Russia	Surgut		1700	
Russia	Syktivkar		1944	
Russia	Syzran		2469	
Russia	Taganrog		1816	
Russia	Tambov		1728	
Russia	Tolyatti		701	
Russia	Tomsk		1020	
Russia	Tula		1034	
Russia	Tver		1293	
Russia	Tyumen		895	
Russia	Ufa		436	
Russia	Ulan-Ude		1380	
Russia	Ulyanovsk		807	
Russia	Ussuriisk		2628	
Russia	Velikiy Novgorod		2134	
Russia	Vladikavkaz		1540	
Russia	Vladimir		1502	
Russia	Vladivostok		849	
Russia	Volgodonsk		2594	
Russia	Volgograd		438	
Russia	Vologda		1681	
Russia	Volzhsky		1581	
Russia	Voronezh		496	
Russia	Yakutsk		1833	
Russia	Yaroslave		856	
Russia	Yoshkar-Ola		1765	
Russia	Yuzhno-Sakhalinsk		2478	
Russia	Zlatoust		2360	
Rwanda	Kigali		2010	
Saudi Arabia	Abha		2260	
Saudi Arabia	Ad-Dammam		674	
Saudi Arabia	Al-Hufuf		1709	
Saudi Arabia	Al-Jubayl		2093	
Saudi Arabia	Al-Kharj		2272	
Saudi Arabia	Al-Khubar		2658	
Saudi Arabia	Al-Madinah		501	
Saudi Arabia	Al-Mubarraz		1720	
Saudi Arabia	Ar'Ar		2932	
Saudi Arabia	At-Ta'If		993	
Saudi Arabia	Ath-Thuqbah		2364	
Saudi Arabia	Buraydah		1372	
Saudi Arabia	Ha'Il		1812	
Saudi Arabia	Hafar Al-Batin		2021	
Saudi Arabia	Jeddah		103	
Saudi Arabia	Khamis Mushayt		1390	
Saudi Arabia	Makkah		305	
Saudi Arabia	Najran		1925	
Saudi Arabia	Riyadh		63	
Saudi Arabia	Tabuk		1201	
Saudi Arabia	Yanbu Al-Bahr		2395	
Senegal	Dakar		120	
Senegal	Kaolack		2052	
Senegal	Pikine-Guediawaye		405	
Senegal	Saint Louis		2884	
Senegal	Thiès		1871	
Senegal	Ziguinchor		2286	
Serbia	Belgrade		222	
Serbia	Kragujevac		2547	
Serbia	Leskovac		2810	
Serbia	Nis		1879	
Serbia	Novisad		1598	
Serbia	Subotica		2908	
Singapore	Singapore		64	
Singapore	Singapore	Gardens by the Bay		
Slovakia	Bratislava		1235	
Slovakia	Kosice		2005	
Slovenia	Ljubljana		1920	
Somalia	Mogadishu		337	
South Africa	Alexandra		2583	
South Africa	Benoni		1412	
South Africa	Bloemfontein		1467	
South Africa	Boksburg		1835	
South Africa	Botshabelo		2509	
South Africa	Cape Town		110	
South Africa	Durban		99	
South Africa	Germiston		2674	
South Africa	Johannesburg		44	
South Africa	Kathlehong		1484	
South Africa	Kempton Park		1486	
South Africa	Khayelitsa		1597	
South Africa	Kimberley		2218	
South Africa	Mangaung		2524	
South Africa	Pietermaritzburg		1295	
South Africa	Port Elizabeth		645	
South Africa	Pretoria		737	
South Africa	Roodepoort		1753	
South Africa	Soweto		512	
South Africa	Springs		2687	
South Africa	Tembisa		1984	
South Africa	Umlazi		1504	
South Africa	Vereeniging		1364	
South Korea	Andong		2462	
South Korea	Asan		2479	
South Korea	Bucheon		661	
South Korea	Busan		83	
South Korea	Changwon		1006	
South Korea	Cheonan		1254	
South Korea	Cheongju		880	
South Korea	Chuncheon		1889	
South Korea	Chungju		2130	
South Korea	Daegu		136	
South Korea	Daejeon		248	
South Korea	Gangneung		2048	
South Korea	Geoje		2629	
South Korea	Gimcheon		2886	
South Korea	Gimhae		1536	
South Korea	Goyang		659	
South Korea	Gumi		1496	
South Korea	Gunpo		1828	
South Korea	Gunsan		1779	
South Korea	Gwangju		255	
South Korea	Gwangmyeong		1528	
South Korea	Gyeongju		1764	
South Korea	Gyeongsan		2049	
South Korea	Icheon		2489	
South Korea	Iksan		1561	
South Korea	Incheon		177	
South Korea	Jecheon		2962	
South Korea	Jeju		1750	
South Korea	Jeonju		836	
South Korea	Jinju		1503	
South Korea	Masan		1214	
South Korea	Mokpo		1903	
South Korea	Pohang		1008	
South Korea	Seongnam		503	
South Korea	Seosan		2966	
South Korea	Seoul		4	
South Korea	Suncheon		1818	
South Korea	Suwon		487	
South Korea	Uijeongbu		1443	
South Korea	Ulsan		413	
South Korea	Wonju		1802	
South Korea	Yangsan		2363	
South Korea	Yeosu		1645	
Spain	A coruña		1954	
Spain	Albacete		2702	
Spain	Alcalá De Henares		2265	
Spain	Alcorcón		2669	
Spain	Alicante		1567	
Spain	Almería		2425	
Spain	Badajoz		2958	
Spain	Badalona		2103	
Spain	Barcelona		73	
Spain	Barcelona	Sagrada Familia		
Spain	Bilbao		1454	
Spain	Bilbao	Guggenheim Museum		
Spain	Burgos		2559	
Spain	Cartagena		2196	
Spain	Castellón De La Plana		2576	
Spain	Córdoba		1566	
Spain	Donostia - San Sebastián		2451	
Spain	Elche		2123	
Spain	Fuenlabrada		2349	
Spain	Getafe		2769	
Spain	Gijón		1772	
Spain	Granada		1982	
Spain	Hospitalet De Llobregat		1919	
Spain	Huelva		2921	
Spain	Jérez De La Frontera		2291	
Spain	La Coruña		1955	
Spain	Las Palmas De Gran Canaria		1375	
Spain	Leganés		2460	
Spain	Logroño		2897	
Spain	Madrid		54	
Spain	Murcia		1256	
Spain	Málaga		917	
Spain	Móstoles		2216	
Spain	Oviedo		2156	
Spain	Palma De Mallorca		1381	
Spain	Palmasdegrancanaria		1376	
Spain	Pamplona		2333	
Spain	Sabadell		2276	
Spain	Salamanca		2722	
Spain	San Cristóbal De La Laguna		2982	
Spain	Santa Cruz De Tenerife		2086	
Spain	Santander		2459	
Spain	Sevilla		720	
Spain	Terrassa		2289	
Spain	Valencia		602	
Spain	Valladolid		1575	
Spain	Vigo		1687	
Spain	Vitoria-Gasteiz		2056	
Spain	Zaragoza		788	
Sri Lanka	Colombo		839	
Sri Lanka	Dehiwala-Mount Lavinia		2327	
Sri Lanka	Moratuwa		2606	
Sudan	Al-Fasher		2989	
Sudan	Al-Gadarif		2368	
Sudan	Al-Gezira		2176	
Sudan	Al-Obeid		2042	
Sudan	Kassala		2006	
Sudan	Khartoum		58	
Sudan	Khartoum North		724	
Sudan	Kosti		2561	
Sudan	Nyala		2060	
Sudan	Omdurman		315	
Sudan	Port Sudan		1621	
Suriname	Paramaribo		1957	
Sweden	Göteborg		531	
Sweden	Malmö		845	
Sweden	Stockholm		195	
Sweden	Uppsala		2439	
Switzerland	Berne		1489	
Switzerland	Bâle		1092	
Switzerland	Genève		1076	
Switzerland	Lausanne		1615	
Switzerland	Luzern		2293	
Switzerland	St. Gallen		2930	
Switzerland	Zürich		403	
Syria	Al-Hasakeh		304	
Syria	Al-Kamishli		1138	
Syria	Al-Rakka		714	
Syria	Aleppo		140	
Syria	Damascus		152	
Syria	Deir El-Zor		606	
Syria	Hama		237	
Syria	Homs		280	
Syria	Lattakia		523	
Taiwan	Taipei		39	
Taiwan	Taipei	Taipei 101		
Tajikistan	Dushanbe		981	
Tanzania	Dar Es Salaam		116	
Tanzania	Dodoma		2242	
Tanzania	Mbeya		2817	
Tanzania	Mwanza		2087	
Tanzania	Tanga		2405	
Tanzania	Zanzibar		2752	
Thailand	Bangkok		28	
Thailand	Buri Ram		2214	
Thailand	Chaiyaphum		2831	
Thailand	Chanthaburi		2890	
Thailand	Chiang Mai		1365	
Thailand	Chiang Rai		1968	
Thailand	Chon Buri		910	
Thailand	Kalasin		2164	
Thailand	Kanchanaburi		2723	
Thailand	Khon Kaen		1552	
Thailand	Lampang		2136	
Thailand	Nakhon Pathom		2002	
Thailand	Nakhon Ratchasima		972	
Thailand	Nakhon Sawan		2295	
Thailand	Nakhon Si Thammarat		1795	
Thailand	Narathiwat		2466	
Thailand	Nong Bua Lam Phu		2827	
Thailand	Nong Khai		2428	
Thailand	Nonthaburi		706	
Thailand	Pathum Thani		1605	
Thailand	Phetchabun		2892	
Thailand	Phetchaburi		2860	
Thailand	Phra Nakhon Si Ayutthaya		1913	
Thailand	Prachuap Khiri Khan		2899	
Thailand	Ratchaburi		1856	
Thailand	Rayong		2269	
Thailand	Roi Et		2703	
Thailand	Samut Prakan		677	
Thailand	Samut Sakhon		2303	
Thailand	Saraburi		1929	
Thailand	Songkhla		1048	
Thailand	Surat Thani		1522	
Thailand	Ubon Ratchathani		1882	
Thailand	Udon Thani		1413	
Togo	Lome		1177	
Tunisia	Sfax		1915	
Tunisia	Tunis		148	
Turkey	Adana		350	
Turkey	Adiyaman		2240	
Turkey	Aksaray		3001	
Turkey	Ankara		76	
Turkey	Antalya		760	
Turkey	Aydin		2815	
Turkey	Balikesir		2057	
Turkey	Batman		1758	
Turkey	Bursa		303	
Turkey	Corlu		2673	
Turkey	Corum		2554	
Turkey	Denizli		1675	
Turkey	Diyarbakir		869	
Turkey	Elazig		1739	
Turkey	Erzurum		1314	
Turkey	Eskisehir		1058	
Turkey	Gaziantep		493	
Turkey	Gebze		1730	
Turkey	Hatay		2861	
Turkey	Iskenderun		2734	
Turkey	Isparta		2748	
Turkey	Istanbul		20	
Turkey	Izmir		130	
Turkey	Içel		902	
Turkey	Kahramanmaras		1447	
Turkey	Kayseri		909	
Turkey	Kirikkale		2202	
Turkey	Kocaeli		2345	
Turkey	Konya		594	
Turkey	Kütahya		2532	
Turkey	Malatya		1264	
Turkey	Manisa		2035	
Turkey	Osmaniye		2389	
Turkey	Sakarya		1725	
Turkey	Samsun		1373	
Turkey	Sanliurfa		1270	
Turkey	Sivas		1869	
Turkey	Siverek		2867	
Turkey	Tarsus		2092	
Turkey	Trabzon		2051	
Turkey	Usak		2922	
Turkey	Van		1559	
Turkey	Viransehir		2941	
Turkmenistan	Ashgabat		1284	
Turkmenistan	Chardzhou		2677	
Uganda	Kampala		340	
Ukraine	Bila Tserkva		2274	
Ukraine	Cherkasy		1694	
Ukraine	Chernihiv		1679	
Ukraine	Chernivtsy		1981	
Ukraine	Dnieprodzerzhynsk		1873	
Ukraine	Dnipropetrovsk		433	
Ukraine	Donetsk		451	
Ukraine	Enakievo		2826	
Ukraine	Horlivka		1664	
Ukraine	Ivano-Frankivsk		2020	
Ukraine	Kerch		2796	
Ukraine	Kharkiv		254	
Ukraine	Kherson		1457	
Ukraine	Khmelnytskiy		1886	
Ukraine	Kirovohrad		1885	
Ukraine	Kramatorsk		2190	
Ukraine	Kremenchuh		2036	
Ukraine	Kryviy Rig		728	
Ukraine	Kyiv		127	
Ukraine	Luhansk		1086	
Ukraine	Lutsk		2288	
Ukraine	Lviv		669	
Ukraine	Makyivka		1258	
Ukraine	Mariupol		1049	
Ukraine	Melitopol		2727	
Ukraine	Mykolayiv		1039	
Ukraine	Odessa		465	
Ukraine	Poltava		1646	
Ukraine	Rivne		1947	
Ukraine	Sevastopol		1377	
Ukraine	Simpheropol		1437	
Ukraine	Sumy		1722	
Ukraine	Ternopil		2121	
Ukraine	Vinnytsya		1434	
Ukraine	Zaporizhya		613	
Ukraine	Zhytomyr		1760	
United Arab Emirates	Abu Dhabi		986	
United Arab Emirates	Ajman		2232	
United Arab Emirates	Al-Ayn		1548	
United Arab Emirates	Al-Sharjah		1087	
United Arab Emirates	Dubai		161	
United Arab Emirates	Dubai	Burj Khalifa		
United Kingdom	Aberdeen		2168	
United Kingdom	Aberdeenshire		2062	
United Kingdom	Aldershot		1953	
United Kingdom	Belfast		1761	
United Kingdom	Birkenhead		1576	
United Kingdom	Birmingham		144	
United Kingdom	Blackpool		1849	
United Kingdom	Bournemouth		1349	
United Kingdom	Brighton & Worthing & Littlehampton		1155	
United Kingdom	Bristol		935	
United Kingdom	Burnley & Nelson		2855	
United Kingdom	Cardiff		1550	
United Kingdom	Coventry & Bedworth		1514	
United Kingdom	Crawley		2485	
United Kingdom	Dearne Valley		2208	
United Kingdom	Derby		1988	
United Kingdom	Dumfries & Galloway		2887	
United Kingdom	Dundee		2924	
United Kingdom	Edinburgh		1180	
United Kingdom	Falkirk		2933	
United Kingdom	Fife		1470	
United Kingdom	Glasgow		890	
United Kingdom	Highland		2189	
United Kingdom	Ipswich		2996	
United Kingdom	Kingston-upon-Hull		1655	
United Kingdom	Leicester		1202	
United Kingdom	Liverpool		590	
United Kingdom	London		27	
United Kingdom	London	Buckingham Palace		
United Kingdom	London	Big Ben		
United Kingdom	London	Tower Bridge		
United Kingdom	London	The Gherkin		
United Kingdom	London	The London Eye		
United Kingdom	London	Westminster Abbey		
United Kingdom	London	The Shard		
United Kingdom	Luton & Dunstable		1994	
United Kingdom	Manchester		150	
United Kingdom	Mansfield		2744	
United Kingdom	Milton Keynes		2434	
United Kingdom	North Lanarkshire		1571	
United Kingdom	Northampton		2309	
United Kingdom	Norwich		2339	
United Kingdom	Nottingham		767	
United Kingdom	Oxford		2969	
United Kingdom	Plymouth		1950	
United Kingdom	Portsmouth		1198	
United Kingdom	Preston		166	
United Kingdom	Reading & Wokingham		1399	
United Kingdom	Renfrewshire		2569	
United Kingdom	Sheffield		801	
United Kingdom	Slough		2990	
United Kingdom	South Lanarkshire		1651	
United Kingdom	Southampton		1636	
United Kingdom	Southend		1796	
United Kingdom	Sunderland		2457	
United Kingdom	Swansea		1788	
United Kingdom	Swindon		2778	
United Kingdom	Teesside		1414	
United Kingdom	The Medway Towns		2025	
United Kingdom	The Potteries		1424	
United Kingdom	Tyneside		538	
United Kingdom	Warrington		2742	
United Kingdom	West Lothian		2733	
United Kingdom	West Midlands		183	
United Kingdom	West Yorkshire		240	
United Kingdom	Wigan		2645	
United Kingdom		Stonehenge		
United States	Akron		2180	Ohio
United States	Albuquerque		1073	New Mexico
United States	Amarillo		2456	Texas
United States	Anaheim		1537	California
United States	Anchorage		1768	Alaska
United States	Arlington		1421	Texas
United States	Arlington		2329	Virginia
United States	Atlanta		68	Georgia
United States	Augusta-Richmond		2372	Georgia
United States	Aurora		1668	Colorado
United States	Aurora		2626	Illinois
United States	Austin		740	Texas
United States	Bakersfield		1674	California
United States	Baltimore		162	Maryland
United States	Baton Rouge		2097	Louisiana
United States	Birmingham		2028	Alabama
United States	Boise City		2353	Idaho
United States	Boston		56	Massachusetts
United States	Brownsville		2639	Texas
United States	Buffalo		1751	New York
United States	Chandler		2004	Arizona
United States	Charlotte		843	North Carolina
United States	Chattanooga		2786	Tennessee
United States	Chesapeake		2124	Virginia
United States	Chicago		25	Illinois
United States	Chula Vista		2183	California
United States	Cincinnati		1619	Ohio
United States	Cleveland		1173	Ohio
United States	Colorado Springs		1398	Colorado
United States	Columbus		681	Ohio
United States	Columbus		2426	Georgia
United States	Corona		2865	California
United States	Corpus Christi		1726	Texas
United States	Dallas		53	Texas
United States	Dayton		2730	Ohio
United States	Denver		158	Colorado
United States	Des Moines		2344	Iowa
United States	Detroit		75	Michigan
United States	Durham		2234	North Carolina
United States	El Paso		866	Texas
United States	Eugene		2944	Oregon
United States	Fontana		2679	California
United States	Fort Lauderdale		2640	Florida
United States	Fort Wayne		2085	Indiana
United States	Fort Worth		823	Texas
United States	Fremont		2278	California
United States	Fresno		1156	California
United States	Garden Grove		2652	California
United States	Garland		2142	Texas
United States	Gilbert		2552	Arizona
United States	Glendale		1975	Arizona
United States	Glendale		2284	California
United States	Grand Prairie		2948	Texas
United States	Grand Rapids		2346	Michigan
United States	Greensboro		2023	North Carolina
United States	Hampton		2927	Virginia
United States	Henderson		2019	Nevada
United States	Hialeah		2110	Florida
United States	Hollywood		2926	Florida
United States	Honolulu		1374	Hawaii
United States	Houston		61	Texas
United States	Huntington Beach		2340	California
United States	Huntsville		2649	Alabama
United States	Indianapolis		628	Indiana
United States	Irvine		2415	California
United States	Irving		2350	Texas
United States	Jackson		2508	Mississippi
United States	Jacksonville		633	Florida
United States	Jersey City		1974	New Jersey
United States	Kansas City		1187	Missouri
United States	Kansas City		2950	Kansas
United States	Knoxville		2486	Tennessee
United States	Laredo		2194	Texas
United States	Las Vegas		945	Nevada
United States	Lexington-Fayette		1803	Kentucky
United States	Lincoln		1976	Nebraska
United States	Little Rock		2433	Arkansas
United States	Long Beach		1118	California
United States	Los Angeles		13	California
United States	Los Angeles	Hollywood Sign		
United States	Los Angeles	Griffith Observatory		
United States	Louisville		926	Kentucky
United States	Lubbock		2185	Texas
United States	Madison		2101	Wisconsin
United States	Memphis		755	Tennessee
United States	Mesa		1195	Arizona
United States	Miami		52	Florida
United States	Milwaukee		888	Wisconsin
United States	Minneapolis		122	Minnesota
United States	Mobile		2367	Alabama
United States	Modesto		2211	California
United States	Montgomery		2283	Alabama
United States	Moreno Valley		2503	California
United States	Naperville		2998	Illinois
United States	Nashville-Davidson		941	Tennessee
United States	New Orleans		1166	Louisiana
United States	New York		3	New York
United States	New York	Statue of Liberty		
United States	New York	Times Square		
United States	New York	Empire State Building		
United States	Newark		1743	New Jersey
United States	Newport News		2488	Virginia
United States	Norfolk		2024	Virginia
United States	North Las Vegas		2520	Nevada
United States	Oakland		1317	California
United States	Oceanside		2650	California
United States	Oklahoma City		971	Oklahoma
United States	Omaha		1260	Nebraska
United States	Ontario		2571	California
United States	Orlando		2163	Florida
United States	Overland Park		2667	Kansas
United States	Oxnard		2447	California
United States	Pasadena		2957	Texas
United States	Pasadena		2960	California
United States	Paterson		2853	New Jersey
United States	Pembroke Pines		2844	Florida
United States	Philadelphia		50	Pennsylvania
United States	Phoenix		82	Arizona
United States	Pittsburgh		1590	Pennsylvania
United States	Plano		1905	Texas
United States	Pomona		2797	California
United States	Portland		967	Oregon
United States	Providence		2517	Rhode Island
United States	Raleigh		1497	North Carolina
United States	Rancho Cucamonga		2610	California
United States	Reno		2244	Nevada
United States	Richmond		2347	Virginia
United States	Riverside		1701	California
United States	Rochester		2178	New York
United States	Rockford		2816	Illinois
United States	Sacramento		1164	California
United States	Salem		2874	Oregon
United States	Salinas		2904	California
United States	Salt Lake City		2506	Utah
United States	San Antonio		321	Texas
United States	San Bernardino		2299	California
United States	San Diego		113	California
United States	San Francisco		49	California
United States	San Jose		506	California
United States	Santa Ana		1501	California
United States	Santa Clarita		2625	California
United States	Santa Rosa		2808	California
United States	Scottsdale		2067	Arizona
United States	Seattle		114	Washington
United States	Shreveport		2297	Louisiana
United States	Spokane		2314	Washington
United States	Springfield		2830	Massachusetts
United States	Springfield		2847	Missouri
United States	St. Louis		159	Missouri
United States	St. Paul		1766	Minnesota
United States	St. Petersburg		1912	Florida
United States	Stockton		1713	California
United States	Syracuse		2995	New York
United States	Tacoma		2331	Washington
United States	Tallahassee		2738	Florida
United States	Tampa		145	Florida
United States	Tempe		2704	Arizona
United States	Toledo		1656	Ohio
United States	Torrance		2977	California
United States	Tucson		1009	Arizona
United States	Tulsa		1353	Oklahoma
United States	Vancouver		2755	Washington
United States	Virginia Beach		1206	Virginia
United States	Washington		65	District of Columbia
United States	Washington	Lincoln Memorial		
United States	Washington	Washington Monument		
United States	Wichita		1448	Kansas
United States	Winston-Salem		2348	North Carolina
United States	Worcester		2533	Massachusetts
United States	Yonkers		2322	New York
United States		Mount Rushmore		
United States		Grand Canyon		
United States		Antelope Canyon		
United States		Yellowstone National Park		
Uruguay	Montevideo		289	
Uzbekistan	Andizhan		1509	
Uzbekistan	Bukhara		1985	
Uzbekistan	Chirchik		2992	
Uzbekistan	Fergana		2455	
Uzbekistan	Karshi		2235	
Uzbekistan	Kokand		2305	
Uzbekistan	Margilan		2859	
Uzbekistan	Namangan		1326	
Uzbekistan	Nukus		2169	
Uzbekistan	Samarkand		1428	
Uzbekistan	Tashkent		132	
Venezuela	Acarigua-Araure		2054	
Venezuela	Barcelona		1654	
Venezuela	Barcelona-Puerto La Cruz		1100	
Venezuela	Barinas		2100	
Venezuela	Barquisimeto		595	
Venezuela	Cabimas		2162	
Venezuela	Caracas		119	
Venezuela	Ciudad Bolívar		1754	
Venezuela	Ciudad Guayana		798	
Venezuela	Coro		2642	
Venezuela	Cumaná		1822	
Venezuela	Guarenas		2612	
Venezuela	Los Teques		2527	
Venezuela	Maracaibo		209	
Venezuela	Maracay		1159	
Venezuela	Maturín		1840	
Venezuela	Mérida		1781	
Venezuela	Puerto Cabello		2526	
Venezuela	San Cristóbal		1783	
Venezuela	Turmero		2247	
Venezuela	Valencia		319	
Viet Nam	Buonmathuot		1736	
Viet Nam	Campha		2188	
Viet Nam	Cantho		2147	
Viet Nam	Da Nang		1352	
Viet Nam	Haiphong		631	
Viet Nam	Ho Chi Minh City		41	
Viet Nam	Hué		2122	
Viet Nam	Hà Noi		91	
Viet Nam	Namdinh		2581	
Viet Nam	Nhatrang		2104	
Viet Nam	Qui Nhon		2686	
Viet Nam	Vungtau		2935	
Western Sahara	El Aaiun		2616	
Yemen	Adan		1309	
Yemen	Al-Hudaydah		1665	
Yemen	Sana'A		168	
Yemen	Ta'Izz		1587	
Zambia	Chingola		2664	
Zambia	Kabwe		2599	
Zambia	Kitwe		1423	
Zambia	Luanshya		2955	
Zambia	Lusaka		420	
Zambia	Ndola		1394	
Zimbabwe	Bulawayo		748	
Zimbabwe	Harare		257	
Zimbabwe	Mutare		2595	